,artists
1755,Johnny Cash
1774,Johnny Cash
1823,Johnny Cash
1833,Johnny Cash
1852,Johnny Cash
1861,Frank Sinatra
1886,Frank Sinatra
1887,Johnny Cash
1899,Johnny Cash
1900,Frank Sinatra
1903,Frank Sinatra
1935,Johnny Cash
1941,Johnny Cash
1951,Frank Sinatra
1952,Frank Sinatra
2064,Johnny Cash
2082,Johnny Cash
2084,Johnny Cash
2099,Johnny Cash
2117,Johnny Cash
2165,Frank Sinatra
2176,Frank Sinatra
2240,Johnny Cash
2264,Johnny Cash
2288,Frank Sinatra
2292,Frank Sinatra
2295,Frank Sinatra
2299,Johnny Cash
2301,Frank Sinatra
2308,Johnny Cash
2310,Frank Sinatra
2311,Frank Sinatra
2315,Elvis Presley
2322,Johnny Cash
2323,Johnny Cash
2343,Frank Sinatra
2346,Johnny Cash
2358,Bob Dylan
2365,The Beach Boys
2366,The Beach Boys
2371,The Beach Boys
2372,The Beach Boys
2380,The Beach Boys
2390,Johnny Cash
2394,The Beach Boys
2406,The Beach Boys
2407,Elvis Presley
2410,Bob Dylan
2416,Elvis Presley
2422,Frank Sinatra
2426,Bob Dylan
2427,Bob Dylan
2438,The Beach Boys
2443,The Beach Boys
2448,Bob Dylan
2449,Elvis Presley
2453,Bob Dylan
2456,The Rolling Stones
2472,The Rolling Stones
2473,The Beach Boys
2494,The Beach Boys
2496,The Rolling Stones
2506,Johnny Cash
2508,Elvis Presley
2522,Frank Sinatra
2525,The Beach Boys
2530,The Beach Boys
2544,Elvis Presley
2554,The Beach Boys
2555,Johnny Cash
2559,The Beach Boys
2568,The Rolling Stones
2579,The Beach Boys
2582,Bob Dylan
2591,The Rolling Stones
2598,The Rolling Stones
2600,The Rolling Stones
2607,The Beach Boys
2627,The Rolling Stones
2632,Frank Sinatra
2651,Bob Dylan
2657,Bob Dylan
2666,Bob Dylan
2669,Johnny Cash
2676,The Beach Boys
2679,Bob Dylan
2681,Bob Dylan
2682,Bob Dylan
2699,The Beach Boys
2702,The Rolling Stones
2712,Bob Dylan
2714,Bob Dylan
2715,The Beach Boys
2720,Bob Dylan
2721,Frank Sinatra
2722,The Rolling Stones
2724,Frank Sinatra
2726,Bob Dylan
2728,The Rolling Stones
2730,The Beach Boys
2731,Bob Dylan
2732,Frank Sinatra
2735,Bob Dylan
2736,The Rolling Stones
2748,Elvis Presley
2751,Bob Dylan
2752,The Rolling Stones
2755,The Beatles
2756,The Beatles
2768,The Rolling Stones
2771,The Rolling Stones
2784,The Rolling Stones
2793,The Rolling Stones
2798,The Beatles
2805,The Rolling Stones
2806,The Rolling Stones
2809,The Rolling Stones
2811,The Rolling Stones
2813,The Beach Boys
2823,Bob Dylan
2841,The Beatles
2844,The Beatles
2862,Johnny Cash
2898,Elvis Presley
2908,The Beach Boys
2923,Johnny Cash
2925,The Beach Boys
2944,Elvis Presley
2969,Frank Sinatra
2977,Elvis Presley
3014,Frank Sinatra
3017,Elvis Presley
3024,The Beach Boys
3042,Led Zeppelin
3050,The Beatles
3079,Led Zeppelin
3084,Elvis Presley
3089,Bob Dylan
3091,Bob Dylan
3100,The Rolling Stones
3103,The Rolling Stones
3106,Led Zeppelin
3131,The Beach Boys
3135,Elvis Presley
3139,Bob Dylan
3158,The Beach Boys
3165,The Rolling Stones
3190,The Rolling Stones
3194,The Beach Boys
3207,The Rolling Stones
3218,Elvis Presley
3290,The Rolling Stones
3294,The Rolling Stones
3318,Johnny Cash
3329,The Rolling Stones
3332,The Rolling Stones
3333,The Rolling Stones
3354,Johnny Cash
3356,Frank Sinatra
3359,Bob Dylan
3362,Led Zeppelin
3415,Led Zeppelin
3442,The Rolling Stones
3455,The Rolling Stones
3463,Frank Sinatra
3474,The Beach Boys
3492,Bob Dylan
3496,The Beach Boys
3511,The Rolling Stones
3517,Bob Dylan
3549,The Beach Boys
3551,Bob Dylan
3636,Led Zeppelin
3648,Bob Dylan
3927,Bob Dylan
3929,The Rolling Stones
3976,Led Zeppelin
3989,Led Zeppelin
4012,Led Zeppelin
4024,Led Zeppelin
4062,The Rolling Stones
4113,The Rolling Stones
4130,Frank Sinatra
4264,Led Zeppelin
4291,Led Zeppelin
4292,Led Zeppelin
4330,Led Zeppelin
4339,Led Zeppelin
4347,Led Zeppelin
4767,Johnny Cash
4856,The Beatles
4878,The Beatles
4949,The Beatles
4981,Bob Dylan
5505,The Rolling Stones
6122,Bob Dylan
6128,Frank Sinatra
6267,Johnny Cash
6292,Johnny Cash
6310,Johnny Cash
6345,Johnny Cash
6581,Eminem
6648,Eminem
6650,Eminem
6772,Led Zeppelin
6774,Led Zeppelin
6797,Led Zeppelin
6815,Led Zeppelin
6851,Led Zeppelin
6968,Drake
7147,Drake
7268,The Beach Boys
7429,Drake
7443,Drake
7527,The Beatles
7597,Drake
7672,Drake
7923,Drake
7936,Drake
8085,Drake
8102,Eminem
8110,Eminem
9890,Frank Sinatra
9967,Johnny Cash
9975,Frank Sinatra
9976,Frank Sinatra
9990,Johnny Cash
10006,Frank Sinatra
10016,Johnny Cash
10021,Johnny Cash
10179,Johnny Cash
10230,Johnny Cash
10270,Frank Sinatra
10340,Frank Sinatra
10351,Frank Sinatra
10357,Johnny Cash
10373,Elvis Presley
10378,Frank Sinatra
10400,Elvis Presley
10416,Frank Sinatra
10434,Elvis Presley
10445,Frank Sinatra
10459,Bob Dylan
10461,Frank Sinatra
10472,The Beach Boys
10473,Bob Dylan
10476,The Beach Boys
10482,Bob Dylan
10483,The Beach Boys
10486,Bob Dylan
10490,Bob Dylan
10503,Elvis Presley
10510,Bob Dylan
10514,The Beach Boys
10521,Bob Dylan
10523,The Beach Boys
10552,The Rolling Stones
10564,Johnny Cash
10616,The Beach Boys
10633,The Beach Boys
10638,Johnny Cash
10639,Elvis Presley
10640,The Beach Boys
10641,Bob Dylan
10642,Elvis Presley
10648,Frank Sinatra
10656,Johnny Cash
10667,The Rolling Stones
10670,Bob Dylan
10671,The Rolling Stones
10672,Bob Dylan
10676,The Beach Boys
10677,Frank Sinatra
10679,The Rolling Stones
10689,The Beach Boys
10700,The Rolling Stones
10707,The Beach Boys
10714,Bob Dylan
10718,Bob Dylan
10724,Bob Dylan
10736,The Beach Boys
10745,Bob Dylan
10746,The Rolling Stones
10760,The Rolling Stones
10771,Bob Dylan
10773,The Beach Boys
10775,The Rolling Stones
10778,The Rolling Stones
10780,The Beach Boys
10785,The Rolling Stones
10792,Bob Dylan
10793,Frank Sinatra
10796,Bob Dylan
10804,The Beach Boys
10822,The Beach Boys
10823,The Beach Boys
10826,The Rolling Stones
10827,The Rolling Stones
10838,Bob Dylan
10843,The Beatles
10856,The Beatles
10860,Bob Dylan
10864,Bob Dylan
10876,The Beach Boys
10900,Bob Dylan
10901,The Rolling Stones
10902,The Beach Boys
10903,The Beatles
10921,Bob Dylan
10932,Elvis Presley
10933,The Beatles
10946,The Beach Boys
10956,Elvis Presley
10964,The Beach Boys
10968,Johnny Cash
10982,Johnny Cash
10983,Johnny Cash
11000,Frank Sinatra
11046,Frank Sinatra
11049,Elvis Presley
11058,Johnny Cash
11071,Led Zeppelin
11078,The Rolling Stones
11081,Elvis Presley
11103,The Beach Boys
11110,Led Zeppelin
11114,Johnny Cash
11135,Johnny Cash
11146,Led Zeppelin
11170,Led Zeppelin
11173,Led Zeppelin
11175,Johnny Cash
11182,Led Zeppelin
11193,Elvis Presley
11211,Bob Dylan
11223,The Rolling Stones
11246,The Rolling Stones
11306,Bob Dylan
11314,The Rolling Stones
11320,The Rolling Stones
11395,Elvis Presley
11424,The Rolling Stones
11447,Led Zeppelin
11498,Bob Dylan
11567,Bob Dylan
11624,Bob Dylan
11640,Johnny Cash
11674,Bob Dylan
11675,Bob Dylan
11713,Johnny Cash
11723,Bob Dylan
11726,Bob Dylan
11774,Led Zeppelin
11810,Led Zeppelin
11839,Elvis Presley
12025,The Rolling Stones
12038,Bob Dylan
12103,Led Zeppelin
12110,Bob Dylan
12236,The Rolling Stones
12367,Led Zeppelin
12373,Led Zeppelin
12411,Led Zeppelin
12486,Bob Dylan
12529,Bob Dylan
12937,The Beatles
13009,The Beatles
13310,Bob Dylan
13320,Bob Dylan
13788,Frank Sinatra
14113,Eminem
14228,Frank Sinatra
14364,Elvis Presley
14373,Eminem
14424,Elvis Presley
14596,Eminem
14851,Led Zeppelin
15041,Eminem
15088,Eminem
15114,Eminem
15133,Eminem
15189,Drake
15481,Eminem
15536,Drake
15736,Eminem
15868,Drake
16203,Eminem
16235,Eminem
16935,Johnny Cash
17727,Johnny Cash
17802,Johnny Cash
17884,Johnny Cash
17942,Frank Sinatra
17969,Johnny Cash
17971,Johnny Cash
17980,Johnny Cash
17985,Frank Sinatra
17992,Johnny Cash
18006,Johnny Cash
18019,Frank Sinatra
18024,Johnny Cash
18048,Johnny Cash
18055,Johnny Cash
18110,Johnny Cash
18138,Johnny Cash
18139,Johnny Cash
18210,Johnny Cash
18241,Johnny Cash
18278,Frank Sinatra
18339,Johnny Cash
18360,Frank Sinatra
18370,Frank Sinatra
18378,Johnny Cash
18383,Johnny Cash
18410,Frank Sinatra
18414,Johnny Cash
18440,The Beach Boys
18447,Elvis Presley
18452,The Beach Boys
18454,The Beach Boys
18462,The Beach Boys
18463,Bob Dylan
18465,The Beach Boys
18467,Bob Dylan
18473,Bob Dylan
18474,The Beach Boys
18475,Elvis Presley
18476,The Beach Boys
18483,The Beach Boys
18491,The Beach Boys
18504,The Beach Boys
18523,Elvis Presley
18525,Johnny Cash
18528,The Beach Boys
18530,Bob Dylan
18531,Bob Dylan
18533,Bob Dylan
18539,The Rolling Stones
18541,The Beach Boys
18551,The Rolling Stones
18560,Frank Sinatra
18568,Frank Sinatra
18608,Johnny Cash
18624,The Rolling Stones
18628,Elvis Presley
18638,Frank Sinatra
18641,Frank Sinatra
18643,The Beach Boys
18648,The Beach Boys
18652,The Rolling Stones
18654,The Rolling Stones
18659,The Beach Boys
18661,The Beach Boys
18663,The Beach Boys
18666,Bob Dylan
18672,Frank Sinatra
18682,The Beach Boys
18684,The Beach Boys
18686,Frank Sinatra
18688,The Beach Boys
18691,The Beach Boys
18694,The Beach Boys
18697,The Beach Boys
18701,Johnny Cash
18706,The Beach Boys
18707,Elvis Presley
18710,The Beach Boys
18715,Bob Dylan
18729,Bob Dylan
18733,The Beach Boys
18746,Bob Dylan
18765,Frank Sinatra
18773,The Beach Boys
18812,Bob Dylan
18818,Elvis Presley
18835,Bob Dylan
18841,Bob Dylan
18845,The Beach Boys
18856,The Beatles
18860,The Beatles
18869,The Beach Boys
18881,The Beatles
18888,The Beatles
18903,The Beatles
18922,The Beatles
18929,The Beatles
18936,The Beatles
18954,Elvis Presley
18971,Johnny Cash
18979,Elvis Presley
19010,Johnny Cash
19044,The Beach Boys
19051,Johnny Cash
19111,The Beatles
19118,Frank Sinatra
19142,The Rolling Stones
19146,Elvis Presley
19174,Led Zeppelin
19176,Bob Dylan
19182,The Rolling Stones
19197,Elvis Presley
19209,Bob Dylan
19210,The Rolling Stones
19215,Bob Dylan
19219,The Rolling Stones
19226,Led Zeppelin
19227,Johnny Cash
19277,The Rolling Stones
19306,Bob Dylan
19373,The Rolling Stones
19424,The Rolling Stones
19445,Bob Dylan
19453,Led Zeppelin
19458,Bob Dylan
19493,Led Zeppelin
19497,Bob Dylan
19538,Frank Sinatra
19543,Elvis Presley
19552,The Rolling Stones
19572,The Rolling Stones
19579,Bob Dylan
19605,Elvis Presley
19643,Bob Dylan
19675,Bob Dylan
19678,Bob Dylan
19684,Elvis Presley
19686,Bob Dylan
19687,Bob Dylan
19693,Bob Dylan
19697,Led Zeppelin
19719,Led Zeppelin
19730,Bob Dylan
19738,Led Zeppelin
19803,Elvis Presley
19964,Bob Dylan
20030,Bob Dylan
20031,The Rolling Stones
20163,The Rolling Stones
20337,Led Zeppelin
20344,Led Zeppelin
20460,Bob Dylan
20472,The Rolling Stones
20506,Bob Dylan
21006,The Beatles
21035,The Beatles
21134,The Rolling Stones
21618,Johnny Cash
22052,Eminem
22083,Eminem
22405,Elvis Presley
22649,Eminem
22837,Led Zeppelin
22840,Led Zeppelin
22845,Led Zeppelin
23540,Johnny Cash
23560,Johnny Cash
23606,The Beatles
23827,Drake
23997,Drake
24226,Eminem
25965,Frank Sinatra
26009,Johnny Cash
26015,Frank Sinatra
26139,Johnny Cash
26141,Johnny Cash
26175,Johnny Cash
26239,Frank Sinatra
26292,Johnny Cash
26320,Johnny Cash
26346,Johnny Cash
26365,Johnny Cash
26367,Frank Sinatra
26372,Johnny Cash
26388,Johnny Cash
26397,Johnny Cash
26406,Frank Sinatra
26418,Frank Sinatra
26437,Bob Dylan
26440,The Beach Boys
26443,Bob Dylan
26445,The Beach Boys
26446,Bob Dylan
26465,The Beach Boys
26471,Bob Dylan
26473,Bob Dylan
26482,Frank Sinatra
26488,The Beach Boys
26499,Bob Dylan
26513,Elvis Presley
26515,Bob Dylan
26518,The Beach Boys
26530,Johnny Cash
26536,The Beach Boys
26544,The Beach Boys
26573,Elvis Presley
26576,The Beach Boys
26586,The Rolling Stones
26629,Elvis Presley
26631,Elvis Presley
26637,Bob Dylan
26639,Frank Sinatra
26640,The Rolling Stones
26651,Frank Sinatra
26653,The Beach Boys
26667,Frank Sinatra
26673,The Beach Boys
26674,The Rolling Stones
26684,Bob Dylan
26691,Bob Dylan
26702,Frank Sinatra
26706,Elvis Presley
26721,Frank Sinatra
26725,Elvis Presley
26749,Bob Dylan
26762,Bob Dylan
26767,Bob Dylan
26774,Elvis Presley
26779,Bob Dylan
26790,The Beach Boys
26792,Elvis Presley
26795,Frank Sinatra
26799,The Rolling Stones
26806,Johnny Cash
26807,Bob Dylan
26815,The Rolling Stones
26819,Elvis Presley
26822,The Rolling Stones
26846,The Beatles
26854,The Rolling Stones
26866,Elvis Presley
26868,The Beatles
26870,Bob Dylan
26880,The Beatles
26901,The Beatles
26904,The Beatles
26908,The Beatles
26909,The Beatles
26910,Bob Dylan
26912,The Beatles
26931,Bob Dylan
26933,The Beatles
26941,Frank Sinatra
26952,Elvis Presley
26965,Johnny Cash
26968,Johnny Cash
27022,Johnny Cash
27028,The Beach Boys
27056,Johnny Cash
27058,Johnny Cash
27081,Johnny Cash
27105,Johnny Cash
27109,The Rolling Stones
27113,Elvis Presley
27119,Frank Sinatra
27145,The Beach Boys
27160,The Rolling Stones
27173,The Rolling Stones
27174,The Beach Boys
27198,Bob Dylan
27221,The Beach Boys
27245,Elvis Presley
27261,The Rolling Stones
27262,Bob Dylan
27271,Johnny Cash
27272,The Rolling Stones
27275,The Rolling Stones
27278,Elvis Presley
27286,Bob Dylan
27330,Led Zeppelin
27334,Bob Dylan
27346,The Rolling Stones
27348,Elvis Presley
27369,The Rolling Stones
27372,Elvis Presley
27384,The Rolling Stones
27401,The Rolling Stones
27462,Elvis Presley
27469,Bob Dylan
27472,Elvis Presley
27481,Led Zeppelin
27503,Elvis Presley
27532,Bob Dylan
27545,Elvis Presley
27590,Johnny Cash
27596,Bob Dylan
27604,The Rolling Stones
27616,Frank Sinatra
27620,Bob Dylan
27645,Bob Dylan
27653,Led Zeppelin
27657,Bob Dylan
27675,Bob Dylan
27688,Led Zeppelin
27705,Bob Dylan
27721,Bob Dylan
27732,Johnny Cash
27750,Led Zeppelin
27791,Led Zeppelin
27830,Led Zeppelin
27993,The Rolling Stones
27998,Bob Dylan
28010,Bob Dylan
28014,Bob Dylan
28114,Johnny Cash
28119,Led Zeppelin
28132,Bob Dylan
28138,Frank Sinatra
28157,The Rolling Stones
28355,Led Zeppelin
28358,Led Zeppelin
28971,The Beatles
29008,The Beatles
29059,Bob Dylan
29088,Bob Dylan
29270,Bob Dylan
29515,Bob Dylan
29794,The Beatles
30341,Elvis Presley
30365,Johnny Cash
30369,Elvis Presley
30386,Eminem
30418,Johnny Cash
30589,Eminem
30644,Eminem
30715,Eminem
30719,Eminem
30856,The Beach Boys
30876,Elvis Presley
31057,Eminem
31140,Johnny Cash
31461,Eminem
31705,Frank Sinatra
31736,Drake
31748,Drake
31788,Drake
31987,Drake
32191,Eminem
33943,Johnny Cash
33965,Johnny Cash
34138,Johnny Cash
34162,Johnny Cash
34246,Frank Sinatra
34292,Johnny Cash
34321,Johnny Cash
34361,Frank Sinatra
34458,Elvis Presley
34464,Bob Dylan
34466,The Beach Boys
34467,Elvis Presley
34468,Bob Dylan
34469,The Beach Boys
34476,Bob Dylan
34499,Bob Dylan
34502,Elvis Presley
34510,The Beach Boys
34524,Bob Dylan
34533,Bob Dylan
34535,Elvis Presley
34538,The Rolling Stones
34541,Elvis Presley
34570,Frank Sinatra
34587,Elvis Presley
34589,The Beach Boys
34605,The Beach Boys
34606,The Beach Boys
34609,The Rolling Stones
34636,Elvis Presley
34650,The Beach Boys
34654,Elvis Presley
34656,The Rolling Stones
34664,The Beach Boys
34666,Bob Dylan
34668,Frank Sinatra
34673,The Beach Boys
34674,The Beach Boys
34680,Bob Dylan
34683,Bob Dylan
34691,Bob Dylan
34698,Bob Dylan
34700,Bob Dylan
34703,Frank Sinatra
34708,Elvis Presley
34716,Bob Dylan
34717,Frank Sinatra
34728,The Beach Boys
34730,Elvis Presley
34741,Elvis Presley
34747,The Beach Boys
34754,Elvis Presley
34757,Elvis Presley
34764,The Rolling Stones
34766,The Rolling Stones
34774,The Rolling Stones
34784,The Rolling Stones
34807,Bob Dylan
34815,The Beach Boys
34819,The Beach Boys
34821,The Beach Boys
34829,The Rolling Stones
34832,The Beach Boys
34841,The Beatles
34842,The Rolling Stones
34848,Bob Dylan
34857,The Beatles
34858,Frank Sinatra
34870,The Beatles
34890,Bob Dylan
34891,The Beatles
34893,The Beach Boys
34897,The Beatles
34908,Frank Sinatra
34913,Bob Dylan
34918,Bob Dylan
34925,The Rolling Stones
34934,The Beatles
34960,Elvis Presley
34994,Elvis Presley
35025,Elvis Presley
35049,Elvis Presley
35062,The Beach Boys
35064,The Beach Boys
35067,The Rolling Stones
35077,Johnny Cash
35078,The Beatles
35093,The Beach Boys
35099,Elvis Presley
35113,Elvis Presley
35121,Johnny Cash
35126,The Beach Boys
35141,The Rolling Stones
35142,The Rolling Stones
35147,Johnny Cash
35168,The Rolling Stones
35175,The Rolling Stones
35176,Elvis Presley
35189,Bob Dylan
35224,Bob Dylan
35228,Johnny Cash
35233,Johnny Cash
35252,Elvis Presley
35304,The Rolling Stones
35309,The Rolling Stones
35316,The Rolling Stones
35320,Elvis Presley
35380,Elvis Presley
35471,Elvis Presley
35474,Elvis Presley
35497,Led Zeppelin
35506,Bob Dylan
35516,Johnny Cash
35520,Bob Dylan
35522,Johnny Cash
35547,Bob Dylan
35557,Bob Dylan
35575,Bob Dylan
35605,The Rolling Stones
35622,Frank Sinatra
35634,Bob Dylan
35636,Elvis Presley
35646,Bob Dylan
35657,Elvis Presley
35661,Bob Dylan
35671,Bob Dylan
35684,Bob Dylan
35697,Bob Dylan
35698,Bob Dylan
35701,Bob Dylan
35709,Bob Dylan
35712,Bob Dylan
35714,Bob Dylan
35758,Led Zeppelin
35823,Led Zeppelin
35969,The Rolling Stones
35978,The Rolling Stones
36006,Bob Dylan
36056,Led Zeppelin
36082,Bob Dylan
36087,Bob Dylan
36088,Bob Dylan
36194,Frank Sinatra
36225,Johnny Cash
36396,Led Zeppelin
36467,Bob Dylan
36719,Bob Dylan
37291,Bob Dylan
37547,The Rolling Stones
37803,Johnny Cash
38423,Elvis Presley
38430,Johnny Cash
38734,Eminem
38831,The Beatles
38854,Elvis Presley
39071,Eminem
39077,Eminem
39082,Eminem
39388,The Beach Boys
39528,Eminem
39720,Drake
39904,Drake
40000,Drake
40063,Drake
40100,Drake
41837,Johnny Cash
41906,Johnny Cash
42003,Johnny Cash
42022,Johnny Cash
42082,Johnny Cash
42190,Frank Sinatra
42240,Johnny Cash
42246,Johnny Cash
42302,Bob Dylan
42308,Bob Dylan
42324,Bob Dylan
42330,Frank Sinatra
42351,The Beach Boys
42355,Bob Dylan
42360,Johnny Cash
42385,Elvis Presley
42391,Johnny Cash
42393,The Rolling Stones
42420,Johnny Cash
42433,Johnny Cash
42440,Frank Sinatra
42444,Elvis Presley
42466,The Beach Boys
42483,The Rolling Stones
42484,Bob Dylan
42499,Frank Sinatra
42507,The Beach Boys
42513,Frank Sinatra
42514,Bob Dylan
42525,Johnny Cash
42536,The Rolling Stones
42565,Bob Dylan
42568,Johnny Cash
42574,Elvis Presley
42618,The Rolling Stones
42623,The Rolling Stones
42650,Bob Dylan
42658,Frank Sinatra
42659,The Rolling Stones
42663,The Beach Boys
42670,Frank Sinatra
42678,Bob Dylan
42685,Frank Sinatra
42686,The Beatles
42692,The Beatles
42702,The Beatles
42714,Bob Dylan
42724,Frank Sinatra
42742,The Beatles
42763,The Rolling Stones
42771,The Rolling Stones
42829,Johnny Cash
42861,Frank Sinatra
42958,The Rolling Stones
42968,Johnny Cash
42992,Bob Dylan
42996,The Rolling Stones
42998,The Rolling Stones
43017,Bob Dylan
43025,Bob Dylan
43042,Bob Dylan
43049,Johnny Cash
43056,Johnny Cash
43057,Bob Dylan
43060,The Rolling Stones
43070,Elvis Presley
43087,Frank Sinatra
43132,Bob Dylan
43142,The Rolling Stones
43151,Bob Dylan
43152,Bob Dylan
43192,Elvis Presley
43195,The Rolling Stones
43219,Elvis Presley
43272,The Rolling Stones
43274,Elvis Presley
43300,Bob Dylan
43333,Elvis Presley
43334,Elvis Presley
43391,Bob Dylan
43424,Bob Dylan
43432,Bob Dylan
43446,Bob Dylan
43447,Bob Dylan
43451,The Rolling Stones
43454,The Rolling Stones
43474,Bob Dylan
43527,Bob Dylan
43544,Elvis Presley
43574,Elvis Presley
43600,Led Zeppelin
43669,Led Zeppelin
43676,The Beach Boys
43870,The Rolling Stones
44073,Bob Dylan
44115,Bob Dylan
44215,Led Zeppelin
44219,Led Zeppelin
44221,The Rolling Stones
44238,The Rolling Stones
44279,Led Zeppelin
44594,Bob Dylan
44886,Bob Dylan
45095,Bob Dylan
45372,Frank Sinatra
45453,Frank Sinatra
45578,The Rolling Stones
45761,The Rolling Stones
46036,Eminem
46281,Johnny Cash
46409,The Rolling Stones
46440,The Rolling Stones
46494,Eminem
46502,Eminem
46730,Led Zeppelin
46756,Elvis Presley
46900,Eminem
47191,The Beach Boys
47305,Eminem
47382,Johnny Cash
47829,Eminem
48496,Johnny Cash
49317,Johnny Cash
49374,Johnny Cash
49389,Frank Sinatra
49430,Frank Sinatra
49745,Johnny Cash
49788,Johnny Cash
49800,Johnny Cash
49841,Frank Sinatra
49858,Frank Sinatra
49909,Elvis Presley
49911,The Beach Boys
49919,Frank Sinatra
49922,The Beach Boys
49932,Bob Dylan
49964,The Beach Boys
49973,The Beach Boys
50016,Johnny Cash
50043,Johnny Cash
50058,Johnny Cash
50067,The Beach Boys
50071,Elvis Presley
50076,Johnny Cash
50086,Johnny Cash
50092,Frank Sinatra
50107,Bob Dylan
50115,Elvis Presley
50129,Bob Dylan
50130,The Beach Boys
50135,The Beach Boys
50143,Elvis Presley
50144,Bob Dylan
50149,The Beach Boys
50158,Frank Sinatra
50161,Frank Sinatra
50167,Bob Dylan
50171,Johnny Cash
50175,The Rolling Stones
50177,The Beach Boys
50180,The Rolling Stones
50187,Bob Dylan
50218,The Beach Boys
50225,The Rolling Stones
50227,Frank Sinatra
50249,Frank Sinatra
50277,The Rolling Stones
50288,Elvis Presley
50333,Bob Dylan
50335,The Beatles
50340,Frank Sinatra
50347,Bob Dylan
50351,The Rolling Stones
50416,Elvis Presley
50423,Johnny Cash
50462,Elvis Presley
50494,The Beach Boys
50517,Johnny Cash
50524,Elvis Presley
50554,Elvis Presley
50558,Elvis Presley
50578,Elvis Presley
50611,Bob Dylan
50619,Bob Dylan
50631,Bob Dylan
50669,Elvis Presley
50677,Elvis Presley
50689,Elvis Presley
50705,Elvis Presley
50728,The Rolling Stones
50755,Bob Dylan
50777,The Rolling Stones
50781,Bob Dylan
50848,Elvis Presley
50879,Elvis Presley
50886,Elvis Presley
50888,Elvis Presley
50909,Bob Dylan
50920,Elvis Presley
50924,Elvis Presley
50985,Elvis Presley
51056,Johnny Cash
51057,Frank Sinatra
51086,Bob Dylan
51100,Bob Dylan
51141,Bob Dylan
51147,Bob Dylan
51153,Bob Dylan
51157,Bob Dylan
51167,Bob Dylan
51171,Bob Dylan
51178,Bob Dylan
51185,Bob Dylan
51198,Bob Dylan
51231,Bob Dylan
51383,The Beach Boys
51385,Frank Sinatra
51425,The Rolling Stones
51459,The Rolling Stones
51528,Bob Dylan
51572,Led Zeppelin
51583,Led Zeppelin
51601,Bob Dylan
51759,Bob Dylan
51801,Led Zeppelin
52134,The Beach Boys
52481,Johnny Cash
52733,Bob Dylan
53871,Johnny Cash
53879,Johnny Cash
54050,Eminem
54217,The Beatles
54291,Led Zeppelin
54804,The Beach Boys
54913,Eminem
55039,Johnny Cash
55294,Drake
55426,Eminem
56794,Johnny Cash
56889,Johnny Cash
56952,Johnny Cash
57033,Johnny Cash
57207,Johnny Cash
57219,Johnny Cash
57356,Johnny Cash
57434,Frank Sinatra
57451,Frank Sinatra
57480,Johnny Cash
57491,The Beach Boys
57556,Frank Sinatra
57596,The Beach Boys
57610,Elvis Presley
57627,Johnny Cash
57637,Frank Sinatra
57638,Johnny Cash
57660,Johnny Cash
57689,Frank Sinatra
57693,Elvis Presley
57699,The Beach Boys
57706,Elvis Presley
57708,The Rolling Stones
57710,Frank Sinatra
57713,Bob Dylan
57714,Frank Sinatra
57727,Elvis Presley
57728,Bob Dylan
57740,Bob Dylan
57751,Frank Sinatra
57768,Bob Dylan
57780,Bob Dylan
57798,The Rolling Stones
57827,The Rolling Stones
57834,Johnny Cash
57839,The Rolling Stones
57847,The Rolling Stones
57863,Johnny Cash
57871,Frank Sinatra
57875,The Rolling Stones
57894,Bob Dylan
57902,Elvis Presley
57909,Elvis Presley
57916,The Beach Boys
57939,Bob Dylan
57945,Elvis Presley
58010,Johnny Cash
58027,Elvis Presley
58029,Frank Sinatra
58031,Johnny Cash
58035,Johnny Cash
58036,Johnny Cash
58050,Johnny Cash
58074,Johnny Cash
58092,The Rolling Stones
58123,Johnny Cash
58137,Johnny Cash
58152,Johnny Cash
58166,The Rolling Stones
58200,The Rolling Stones
58204,Johnny Cash
58225,Bob Dylan
58229,Elvis Presley
58253,Johnny Cash
58262,Johnny Cash
58266,Elvis Presley
58285,Elvis Presley
58297,The Rolling Stones
58303,Elvis Presley
58312,The Rolling Stones
58331,The Rolling Stones
58334,The Rolling Stones
58337,Elvis Presley
58340,Bob Dylan
58348,The Rolling Stones
58358,The Rolling Stones
58362,Elvis Presley
58381,Elvis Presley
58414,Elvis Presley
58460,Elvis Presley
58462,Elvis Presley
58493,The Beach Boys
58516,Elvis Presley
58520,Elvis Presley
58528,The Beach Boys
58536,The Beach Boys
58557,Elvis Presley
58574,Elvis Presley
58580,Frank Sinatra
58622,Johnny Cash
58680,Bob Dylan
58697,Bob Dylan
58724,The Rolling Stones
58741,Johnny Cash
58742,Led Zeppelin
58762,Led Zeppelin
58773,Led Zeppelin
58781,Led Zeppelin
58923,Elvis Presley
58946,Elvis Presley
59006,The Rolling Stones
59164,Led Zeppelin
59410,Led Zeppelin
59501,The Rolling Stones
60877,Johnny Cash
60903,Bob Dylan
61123,Eminem
61151,Eminem
61387,Elvis Presley
61420,Johnny Cash
61667,Eminem
61898,Led Zeppelin
61959,Elvis Presley
61966,Led Zeppelin
62191,Drake
62584,Eminem
62816,Drake
62940,Eminem
62994,Drake
63108,Drake
64711,Johnny Cash
64740,Johnny Cash
64819,Frank Sinatra
64874,Elvis Presley
64885,Bob Dylan
64913,The Beach Boys
64921,Frank Sinatra
64922,Bob Dylan
64939,Elvis Presley
64955,Frank Sinatra
64966,Frank Sinatra
64975,Elvis Presley
64976,The Beach Boys
64998,The Beach Boys
64999,Elvis Presley
65016,The Beach Boys
65017,Johnny Cash
65026,Elvis Presley
65032,The Beach Boys
65037,Johnny Cash
65042,Johnny Cash
65066,The Beach Boys
65068,Bob Dylan
65070,The Beach Boys
65084,The Beach Boys
65097,Bob Dylan
65099,Elvis Presley
65107,The Beach Boys
65112,Johnny Cash
65119,Bob Dylan
65126,The Beach Boys
65150,Frank Sinatra
65160,The Beach Boys
65161,The Beach Boys
65168,The Rolling Stones
65187,Elvis Presley
65196,Frank Sinatra
65219,The Rolling Stones
65236,The Rolling Stones
65238,Johnny Cash
65282,The Rolling Stones
65286,Bob Dylan
65300,The Rolling Stones
65303,Bob Dylan
65304,The Rolling Stones
65307,Bob Dylan
65327,The Beach Boys
65331,The Beach Boys
65347,Bob Dylan
65353,The Rolling Stones
65361,Bob Dylan
65405,Elvis Presley
65418,Johnny Cash
65421,Johnny Cash
65479,Elvis Presley
65536,Johnny Cash
65556,Johnny Cash
65560,Elvis Presley
65569,Johnny Cash
65594,Elvis Presley
65628,Johnny Cash
65635,Johnny Cash
65668,The Rolling Stones
65679,The Rolling Stones
65686,The Rolling Stones
65700,Bob Dylan
65707,The Rolling Stones
65714,The Rolling Stones
65718,Elvis Presley
65726,Bob Dylan
65735,The Rolling Stones
65752,Elvis Presley
65759,Elvis Presley
65771,Elvis Presley
65899,Elvis Presley
65933,Elvis Presley
65949,Elvis Presley
65968,The Rolling Stones
65970,Bob Dylan
65996,Bob Dylan
66017,Bob Dylan
66046,The Rolling Stones
66073,Led Zeppelin
66078,Led Zeppelin
66097,Johnny Cash
66115,Led Zeppelin
66152,Elvis Presley
66154,Led Zeppelin
66165,The Rolling Stones
66230,Bob Dylan
66234,Bob Dylan
66377,Johnny Cash
66391,The Rolling Stones
66406,The Rolling Stones
66441,The Rolling Stones
66553,Bob Dylan
66962,The Rolling Stones
67463,Johnny Cash
67498,Bob Dylan
67972,The Rolling Stones
67979,The Rolling Stones
68158,The Beatles
68310,Bob Dylan
68476,Eminem
68572,Frank Sinatra
68848,Johnny Cash
68896,The Beach Boys
69093,Eminem
69119,Eminem
69132,Eminem
69480,Drake
69533,Eminem
69593,Drake
69739,Drake
69810,The Beach Boys
70270,Drake
70322,Drake
72015,Johnny Cash
72155,Johnny Cash
72162,Johnny Cash
72230,Johnny Cash
72256,Johnny Cash
72257,Johnny Cash
72274,Bob Dylan
72306,Frank Sinatra
72372,Johnny Cash
72377,The Beach Boys
72395,The Beach Boys
72402,Elvis Presley
72427,The Beach Boys
72429,The Rolling Stones
72439,The Rolling Stones
72441,The Rolling Stones
72442,The Rolling Stones
72467,Johnny Cash
72469,Frank Sinatra
72470,Elvis Presley
72475,Frank Sinatra
72483,The Beach Boys
72484,Bob Dylan
72496,Bob Dylan
72500,Frank Sinatra
72538,The Beach Boys
72546,Johnny Cash
72635,The Rolling Stones
72640,The Rolling Stones
72643,Elvis Presley
72695,Bob Dylan
72701,The Rolling Stones
72754,Bob Dylan
72757,The Rolling Stones
72796,Johnny Cash
72802,Johnny Cash
72812,Elvis Presley
72854,Elvis Presley
72897,Elvis Presley
72907,Johnny Cash
72928,The Rolling Stones
72939,Johnny Cash
72941,The Beatles
72985,Elvis Presley
73002,The Rolling Stones
73021,Bob Dylan
73025,The Rolling Stones
73077,Bob Dylan
73083,Frank Sinatra
73089,The Rolling Stones
73093,Bob Dylan
73095,Elvis Presley
73104,The Rolling Stones
73110,Bob Dylan
73118,Bob Dylan
73124,Bob Dylan
73127,The Rolling Stones
73129,Bob Dylan
73136,Elvis Presley
73144,Elvis Presley
73178,Elvis Presley
73192,The Beach Boys
73208,Johnny Cash
73305,Johnny Cash
73317,Elvis Presley
73402,Bob Dylan
73454,Bob Dylan
73461,Johnny Cash
73470,Led Zeppelin
73476,Johnny Cash
73588,Bob Dylan
73682,The Beach Boys
73714,The Beach Boys
73726,The Beach Boys
73735,Elvis Presley
73777,The Rolling Stones
73783,The Rolling Stones
73910,Bob Dylan
73920,Led Zeppelin
73967,Bob Dylan
73982,Frank Sinatra
74075,Bob Dylan
74152,Bob Dylan
74162,Bob Dylan
74240,The Rolling Stones
74365,Johnny Cash
74935,Bob Dylan
74939,Bob Dylan
74989,Johnny Cash
75094,Bob Dylan
75164,Bob Dylan
75348,Frank Sinatra
75413,Johnny Cash
75621,The Beatles
75822,Eminem
76007,Eminem
76171,Elvis Presley
76205,Elvis Presley
76247,Johnny Cash
76297,The Beach Boys
76379,The Rolling Stones
76417,Eminem
76470,Eminem
76775,Frank Sinatra
76783,Frank Sinatra
77225,The Beach Boys
77296,Eminem
77768,Drake
77821,Drake
80240,Frank Sinatra
80250,Frank Sinatra
80251,Frank Sinatra
80257,Frank Sinatra
80262,Frank Sinatra
80269,Frank Sinatra
80271,Frank Sinatra
80280,Frank Sinatra
80281,Frank Sinatra
80283,Frank Sinatra
80284,Frank Sinatra
80286,Frank Sinatra
80288,Frank Sinatra
80289,Frank Sinatra
80295,Frank Sinatra
80296,Frank Sinatra
80298,Frank Sinatra
80340,Frank Sinatra
80341,Frank Sinatra
80342,Frank Sinatra
80345,Frank Sinatra
80346,Frank Sinatra
80348,Frank Sinatra
80349,Frank Sinatra
80350,Frank Sinatra
80351,Frank Sinatra
80352,Frank Sinatra
80353,Frank Sinatra
80354,Frank Sinatra
80355,Frank Sinatra
80356,Frank Sinatra
80359,Frank Sinatra
80360,Frank Sinatra
80361,Frank Sinatra
80362,Frank Sinatra
80363,Frank Sinatra
80376,Frank Sinatra
80377,Frank Sinatra
80382,Frank Sinatra
80392,Frank Sinatra
80401,Frank Sinatra
80407,Frank Sinatra
80411,Frank Sinatra
80419,Frank Sinatra
80421,Frank Sinatra
80424,Frank Sinatra
80432,Frank Sinatra
80433,Frank Sinatra
80437,Frank Sinatra
80438,Frank Sinatra
81348,Frank Sinatra
81352,Johnny Cash
81360,Frank Sinatra
81378,Frank Sinatra
81379,Frank Sinatra
81388,Frank Sinatra
81404,Frank Sinatra
81405,Frank Sinatra
81407,Frank Sinatra
81413,Frank Sinatra
81421,Frank Sinatra
81434,Frank Sinatra
81437,Frank Sinatra
81441,Frank Sinatra
81475,Frank Sinatra
81478,Frank Sinatra
81482,Frank Sinatra
81485,Frank Sinatra
81487,Frank Sinatra
81496,Frank Sinatra
81497,Frank Sinatra
81501,Frank Sinatra
81502,Frank Sinatra
81503,Frank Sinatra
81504,Frank Sinatra
81506,Frank Sinatra
81509,Frank Sinatra
81511,Frank Sinatra
81513,Frank Sinatra
81540,Frank Sinatra
81541,Frank Sinatra
81546,Elvis Presley
81551,Frank Sinatra
81556,Elvis Presley
81575,Elvis Presley
81577,Elvis Presley
81587,Elvis Presley
81613,Elvis Presley
81632,Frank Sinatra
81633,Elvis Presley
81648,Johnny Cash
81649,Frank Sinatra
81654,Frank Sinatra
81658,Frank Sinatra
81663,Johnny Cash
81665,Frank Sinatra
81669,Elvis Presley
81671,Frank Sinatra
81677,Johnny Cash
81686,Elvis Presley
81696,Elvis Presley
81705,Frank Sinatra
81722,Frank Sinatra
81724,Johnny Cash
81732,Elvis Presley
81738,Frank Sinatra
81740,Frank Sinatra
81741,Elvis Presley
81743,Elvis Presley
81750,Elvis Presley
81751,Elvis Presley
81756,Elvis Presley
81760,Frank Sinatra
81765,Elvis Presley
81780,Elvis Presley
81785,Frank Sinatra
81792,Johnny Cash
81798,Elvis Presley
81800,Elvis Presley
81811,Elvis Presley
81814,Johnny Cash
81838,Johnny Cash
81875,Johnny Cash
81876,Frank Sinatra
81878,Frank Sinatra
81883,Elvis Presley
81897,Elvis Presley
81935,Elvis Presley
81951,Frank Sinatra
81956,Frank Sinatra
81957,Elvis Presley
81967,Elvis Presley
81993,Elvis Presley
82035,Frank Sinatra
82040,Elvis Presley
82055,Frank Sinatra
82064,Frank Sinatra
82106,Elvis Presley
82118,Elvis Presley
82129,Elvis Presley
82158,Elvis Presley
82163,Frank Sinatra
82167,The Beach Boys
82207,The Beach Boys
82209,Bob Dylan
82229,Bob Dylan
82240,The Beatles
82241,The Beach Boys
82242,Johnny Cash
82243,The Beatles
82244,Bob Dylan
82246,The Beatles
82247,Bob Dylan
82248,The Beatles
82249,The Beatles
82254,The Beatles
82257,The Beatles
82260,The Beatles
82261,Bob Dylan
82262,Elvis Presley
82264,The Beatles
82266,The Beach Boys
82267,The Beatles
82268,The Beach Boys
82270,The Beatles
82271,The Beatles
82272,The Beatles
82276,Elvis Presley
82277,The Beatles
82278,The Beach Boys
82284,Frank Sinatra
82288,Bob Dylan
82292,Bob Dylan
82294,The Beatles
82297,Elvis Presley
82307,The Beach Boys
82310,Elvis Presley
82321,The Beatles
82322,The Beatles
82325,Johnny Cash
82329,Elvis Presley
82331,Johnny Cash
82332,Bob Dylan
82334,The Beatles
82339,The Beatles
82347,Bob Dylan
82350,The Beach Boys
82354,The Beach Boys
82355,The Beatles
82357,The Beatles
82358,The Beatles
82363,Johnny Cash
82364,The Beatles
82365,Frank Sinatra
82366,The Beatles
82372,The Beatles
82374,The Beatles
82378,The Beach Boys
82381,The Beatles
82382,The Beatles
82387,The Beatles
82388,Johnny Cash
82401,The Beach Boys
82403,Bob Dylan
82408,Bob Dylan
82413,Frank Sinatra
82419,Frank Sinatra
82425,The Beatles
82427,The Beatles
82428,The Beatles
82434,The Beatles
82438,The Beatles
82439,Johnny Cash
82441,The Beatles
82442,The Rolling Stones
82443,The Beatles
82446,Bob Dylan
82447,The Beatles
82451,The Beatles
82457,The Beach Boys
82460,The Beatles
82462,The Beatles
82463,The Beatles
82464,The Beatles
82467,The Beatles
82468,Bob Dylan
82471,The Beatles
82475,The Beatles
82479,The Beatles
82482,The Beatles
82484,Frank Sinatra
82486,Bob Dylan
82488,The Beatles
82489,The Beach Boys
82492,The Beatles
82494,The Beatles
82496,Frank Sinatra
82504,The Rolling Stones
82505,The Rolling Stones
82506,Frank Sinatra
82511,Bob Dylan
82515,The Rolling Stones
82516,The Beatles
82519,Bob Dylan
82520,The Beatles
82522,The Beach Boys
82525,The Beatles
82527,The Beatles
82528,The Beatles
82537,The Beatles
82541,The Rolling Stones
82543,The Beach Boys
82546,The Beach Boys
82547,The Beatles
82548,Frank Sinatra
82558,Frank Sinatra
82561,The Beatles
82563,The Beach Boys
82566,The Rolling Stones
82575,The Rolling Stones
82576,The Beatles
82577,The Beatles
82579,The Beatles
82580,The Rolling Stones
82582,The Beatles
82587,The Beatles
82591,The Beatles
82592,The Beatles
82596,The Beach Boys
82602,The Beatles
82603,Frank Sinatra
82607,Bob Dylan
82610,Bob Dylan
82611,The Beatles
82612,Bob Dylan
82613,The Beach Boys
82615,The Rolling Stones
82625,Bob Dylan
82633,The Beach Boys
82634,The Beatles
82643,The Beach Boys
82646,The Beatles
82652,The Beatles
82657,The Beatles
82658,The Beatles
82660,The Beatles
82663,The Beatles
82664,The Beatles
82665,The Beatles
82669,The Beatles
82671,The Beatles
82683,The Rolling Stones
82684,The Beatles
82701,The Beatles
82704,The Beatles
82706,The Beatles
82708,The Beatles
82711,The Beatles
82720,The Beach Boys
82737,The Beatles
82745,The Beatles
82746,The Rolling Stones
82751,Johnny Cash
82753,The Beatles
82756,The Beatles
82767,The Beatles
82770,The Beatles
82772,The Beatles
82773,The Beatles
82780,Johnny Cash
82787,The Beatles
82791,The Beatles
82792,The Rolling Stones
82804,Elvis Presley
82807,The Beatles
82811,The Beatles
82814,The Beatles
82818,The Beatles
82827,The Beatles
82829,The Beatles
82836,The Beatles
82840,The Beatles
82844,The Beatles
82845,The Rolling Stones
82847,Led Zeppelin
82848,Led Zeppelin
82851,Led Zeppelin
82855,Frank Sinatra
82856,The Beatles
82862,The Rolling Stones
82866,Elvis Presley
82867,The Beatles
82875,Led Zeppelin
82878,Led Zeppelin
82879,The Beatles
82882,Led Zeppelin
82883,Johnny Cash
82885,Bob Dylan
82891,The Beatles
82893,The Beatles
82894,The Beatles
82898,Led Zeppelin
82900,The Rolling Stones
82902,The Beatles
82903,The Beatles
82905,The Beatles
82906,Led Zeppelin
82908,The Beatles
82916,Elvis Presley
82917,The Beatles
82918,The Rolling Stones
82919,Led Zeppelin
82920,The Beatles
82921,The Rolling Stones
82923,Led Zeppelin
82932,The Beatles
82934,Led Zeppelin
82935,Led Zeppelin
82937,The Beatles
82944,Led Zeppelin
82946,The Beatles
82962,Johnny Cash
82983,The Beatles
83001,Led Zeppelin
83005,The Beatles
83012,Bob Dylan
83014,The Beatles
83015,Led Zeppelin
83033,Led Zeppelin
83043,Led Zeppelin
83046,Led Zeppelin
83047,The Rolling Stones
83055,The Rolling Stones
83056,Led Zeppelin
83066,The Rolling Stones
83069,The Rolling Stones
83076,Led Zeppelin
83082,Led Zeppelin
83084,Led Zeppelin
83117,Led Zeppelin
83118,The Rolling Stones
83122,Johnny Cash
83130,The Rolling Stones
83137,Led Zeppelin
83198,The Rolling Stones
83207,The Rolling Stones
83259,Bob Dylan
83273,The Beatles
83283,Elvis Presley
83284,The Beatles
83286,The Rolling Stones
83287,Led Zeppelin
83292,Led Zeppelin
83293,The Beatles
83294,The Beatles
83303,Led Zeppelin
83318,The Beatles
83326,Led Zeppelin
83334,Led Zeppelin
83398,Johnny Cash
83406,The Rolling Stones
83455,Led Zeppelin
83462,Bob Dylan
83482,Bob Dylan
83499,Led Zeppelin
83502,Led Zeppelin
83513,The Beach Boys
83529,Led Zeppelin
83579,Bob Dylan
83741,The Rolling Stones
83770,The Rolling Stones
83868,Led Zeppelin
83885,Johnny Cash
83895,Led Zeppelin
84019,Frank Sinatra
84045,The Rolling Stones
84118,The Rolling Stones
84169,Led Zeppelin
85619,Johnny Cash
85867,Eminem
85943,Eminem
85951,The Beatles
85954,The Beatles
85964,Eminem
85984,Eminem
86004,The Beatles
86034,The Beatles
86141,Eminem
86158,Johnny Cash
86190,Eminem
86193,Eminem
86221,Eminem
86363,Eminem
86419,Eminem
86448,Eminem
86594,Johnny Cash
86619,The Beach Boys
86864,Drake
86924,Eminem
86959,Eminem
87010,Drake
87027,Eminem
87050,Drake
87064,Drake
87088,Drake
87166,The Beach Boys
87268,Eminem
87307,Drake
87319,Drake
87533,Drake
87630,Drake
87682,Drake
87777,Drake
87786,Drake
87810,Drake
87825,Drake
87946,Drake
88030,Drake
89642,Frank Sinatra
89676,Frank Sinatra
90137,Frank Sinatra
90143,Frank Sinatra
90238,Frank Sinatra
90245,Frank Sinatra
90253,Frank Sinatra
90277,Frank Sinatra
90496,Johnny Cash
91144,Frank Sinatra
91149,Frank Sinatra
91159,Frank Sinatra
91163,Johnny Cash
91175,Frank Sinatra
91204,Johnny Cash
91344,Frank Sinatra
91345,Frank Sinatra
91347,Elvis Presley
91348,Elvis Presley
91366,Frank Sinatra
91367,Elvis Presley
91369,Elvis Presley
91370,Elvis Presley
91374,Frank Sinatra
91375,Frank Sinatra
91381,Frank Sinatra
91387,Frank Sinatra
91388,Elvis Presley
91394,Elvis Presley
91395,Frank Sinatra
91412,Frank Sinatra
91414,Elvis Presley
91423,Elvis Presley
91447,Elvis Presley
91450,Frank Sinatra
91458,Elvis Presley
91477,Frank Sinatra
91493,Elvis Presley
91506,Frank Sinatra
91511,Frank Sinatra
91514,Johnny Cash
91520,Elvis Presley
91539,Frank Sinatra
91540,Elvis Presley
91550,Elvis Presley
91552,Elvis Presley
91558,Elvis Presley
91584,Elvis Presley
91589,Elvis Presley
91603,Elvis Presley
91608,Johnny Cash
91622,Frank Sinatra
91657,Johnny Cash
91674,Frank Sinatra
91679,Elvis Presley
91688,Johnny Cash
91710,Elvis Presley
91717,Elvis Presley
91720,Elvis Presley
91733,Frank Sinatra
91735,Elvis Presley
91753,Elvis Presley
91756,Frank Sinatra
91787,Elvis Presley
91792,Elvis Presley
91813,Elvis Presley
91820,Elvis Presley
91826,Elvis Presley
91830,Frank Sinatra
91832,Frank Sinatra
91843,Elvis Presley
91848,Elvis Presley
91858,Elvis Presley
91869,Elvis Presley
91875,Elvis Presley
91883,Elvis Presley
91884,Elvis Presley
91889,Elvis Presley
91895,Elvis Presley
91918,Elvis Presley
91920,Frank Sinatra
91929,Frank Sinatra
91934,Frank Sinatra
91936,Frank Sinatra
91988,Bob Dylan
91990,Bob Dylan
92000,Frank Sinatra
92019,Bob Dylan
92026,Bob Dylan
92039,The Beatles
92040,The Beatles
92047,The Beatles
92050,Elvis Presley
92053,The Beatles
92055,Elvis Presley
92056,The Beatles
92058,The Beatles
92060,The Beatles
92062,The Beatles
92079,Bob Dylan
92087,Bob Dylan
92101,The Beatles
92104,The Beach Boys
92106,Bob Dylan
92107,Bob Dylan
92109,Bob Dylan
92112,Bob Dylan
92130,Bob Dylan
92139,The Beatles
92140,The Beatles
92152,The Beatles
92156,The Beatles
92165,The Beatles
92166,Bob Dylan
92167,The Beatles
92169,The Beatles
92176,The Beatles
92177,Johnny Cash
92180,Bob Dylan
92183,The Beatles
92184,The Beatles
92186,Bob Dylan
92191,The Beatles
92194,The Rolling Stones
92198,Bob Dylan
92200,The Beatles
92205,Bob Dylan
92208,Bob Dylan
92211,Bob Dylan
92227,Bob Dylan
92237,The Beatles
92240,Bob Dylan
92241,Bob Dylan
92242,The Rolling Stones
92245,The Rolling Stones
92251,The Rolling Stones
92258,Bob Dylan
92261,The Beatles
92262,The Beatles
92264,Bob Dylan
92278,The Beatles
92279,The Beatles
92280,The Beatles
92281,Bob Dylan
92287,Bob Dylan
92289,Bob Dylan
92294,Bob Dylan
92300,The Beach Boys
92307,The Beach Boys
92310,Johnny Cash
92314,Bob Dylan
92326,Johnny Cash
92332,Bob Dylan
92334,Bob Dylan
92338,The Beach Boys
92340,The Beatles
92342,The Beach Boys
92343,Bob Dylan
92345,The Beatles
92346,The Beach Boys
92349,Frank Sinatra
92351,Bob Dylan
92357,The Beach Boys
92358,The Beach Boys
92363,Bob Dylan
92376,The Beach Boys
92385,The Rolling Stones
92389,Bob Dylan
92393,The Beach Boys
92394,The Beach Boys
92399,The Beach Boys
92413,Bob Dylan
92414,The Rolling Stones
92417,Bob Dylan
92442,The Beatles
92451,Bob Dylan
92455,The Beatles
92460,The Beach Boys
92462,The Beatles
92468,The Beatles
92471,The Beatles
92473,The Beatles
92475,The Rolling Stones
92479,The Beach Boys
92486,Frank Sinatra
92491,The Rolling Stones
92492,The Beatles
92523,The Beatles
92526,The Beatles
92534,The Beatles
92540,The Beatles
92541,Johnny Cash
92549,The Beatles
92552,The Beatles
92555,The Beatles
92556,The Beatles
92563,Elvis Presley
92566,The Beatles
92569,The Beatles
92570,The Beatles
92575,Johnny Cash
92577,Johnny Cash
92581,The Beatles
92583,The Beatles
92586,The Beatles
92590,Johnny Cash
92595,The Beatles
92599,Johnny Cash
92607,The Beatles
92615,Johnny Cash
92625,Johnny Cash
92630,Johnny Cash
92639,Led Zeppelin
92641,The Rolling Stones
92649,Led Zeppelin
92656,Johnny Cash
92658,Led Zeppelin
92661,The Beatles
92663,Led Zeppelin
92665,Led Zeppelin
92671,Led Zeppelin
92674,Led Zeppelin
92675,The Beatles
92676,Led Zeppelin
92677,Johnny Cash
92680,Led Zeppelin
92688,Led Zeppelin
92689,The Beach Boys
92691,Led Zeppelin
92698,Led Zeppelin
92700,Led Zeppelin
92708,Led Zeppelin
92711,The Beach Boys
92713,Frank Sinatra
92716,The Rolling Stones
92720,Led Zeppelin
92731,Led Zeppelin
92732,The Beatles
92734,Led Zeppelin
92742,Led Zeppelin
92747,Led Zeppelin
92756,Johnny Cash
92757,Led Zeppelin
92778,Led Zeppelin
92785,The Beach Boys
92786,Led Zeppelin
92794,The Beatles
92809,The Beatles
92816,The Beach Boys
92832,The Beatles
92837,Led Zeppelin
92887,Led Zeppelin
92891,The Rolling Stones
92893,Led Zeppelin
92898,Led Zeppelin
92900,The Rolling Stones
92918,Led Zeppelin
92924,The Rolling Stones
92927,The Beach Boys
92930,The Rolling Stones
92936,Led Zeppelin
92959,The Rolling Stones
92968,The Rolling Stones
92985,The Rolling Stones
92997,The Rolling Stones
92999,The Rolling Stones
93003,Johnny Cash
93038,The Beatles
93040,Led Zeppelin
93064,Led Zeppelin
93081,The Rolling Stones
93092,Elvis Presley
93096,Led Zeppelin
93097,Led Zeppelin
93098,Led Zeppelin
93126,Led Zeppelin
93129,Led Zeppelin
93147,Bob Dylan
93211,Bob Dylan
93237,Led Zeppelin
93241,Bob Dylan
93245,Led Zeppelin
93255,Led Zeppelin
93291,Led Zeppelin
93292,Led Zeppelin
93302,Led Zeppelin
93305,Led Zeppelin
93308,Bob Dylan
93313,Led Zeppelin
93322,Elvis Presley
93323,Bob Dylan
93332,Led Zeppelin
93387,Led Zeppelin
93407,The Rolling Stones
93535,Elvis Presley
93570,The Rolling Stones
93585,Johnny Cash
93625,The Rolling Stones
93699,Led Zeppelin
93757,The Rolling Stones
93759,The Rolling Stones
93917,Frank Sinatra
94650,The Rolling Stones
95359,Johnny Cash
95400,Frank Sinatra
95660,Eminem
95689,Eminem
95737,The Beatles
95743,The Beatles
95759,The Beatles
95768,The Beatles
95770,The Beatles
95785,Eminem
95788,Eminem
95796,Eminem
95804,Johnny Cash
95808,The Beatles
95821,Eminem
95944,Johnny Cash
95972,Johnny Cash
95974,Eminem
95981,Eminem
95990,Eminem
96024,Elvis Presley
96063,Johnny Cash
96148,Eminem
96155,Eminem
96179,The Rolling Stones
96266,Eminem
96276,Eminem
96361,The Beach Boys
96696,Drake
96745,Drake
96753,Eminem
96812,Drake
96850,Drake
97252,Drake
97296,Drake
97300,Drake
97329,Drake
97381,Drake
97408,Drake
97415,Drake
97456,Drake
97469,Drake
97772,Drake
100783,Johnny Cash
100825,Johnny Cash
100830,Johnny Cash
100842,Elvis Presley
100844,Frank Sinatra
100845,Elvis Presley
100853,Elvis Presley
100859,Frank Sinatra
100879,Elvis Presley
100905,Elvis Presley
100910,Elvis Presley
100925,Elvis Presley
100946,Johnny Cash
100950,Frank Sinatra
100951,Johnny Cash
100956,Elvis Presley
100958,Elvis Presley
100963,Johnny Cash
100970,Johnny Cash
100973,Elvis Presley
100981,Frank Sinatra
100985,Elvis Presley
100990,Johnny Cash
101013,Frank Sinatra
101017,Elvis Presley
101018,Johnny Cash
101020,Elvis Presley
101027,Frank Sinatra
101042,Frank Sinatra
101054,Frank Sinatra
101056,Frank Sinatra
101057,Elvis Presley
101073,Frank Sinatra
101094,Johnny Cash
101108,Frank Sinatra
101109,Johnny Cash
101114,Elvis Presley
101121,Johnny Cash
101143,Elvis Presley
101147,Elvis Presley
101160,Elvis Presley
101173,Elvis Presley
101186,Elvis Presley
101190,Elvis Presley
101191,Elvis Presley
101198,Johnny Cash
101240,Elvis Presley
101241,Johnny Cash
101244,Elvis Presley
101249,Elvis Presley
101267,Elvis Presley
101297,Elvis Presley
101307,Elvis Presley
101313,Elvis Presley
101320,Elvis Presley
101325,Frank Sinatra
101329,Elvis Presley
101331,Elvis Presley
101332,Elvis Presley
101344,Elvis Presley
101353,Frank Sinatra
101394,Frank Sinatra
101414,Frank Sinatra
101426,Frank Sinatra
101434,Frank Sinatra
101438,Bob Dylan
101441,Frank Sinatra
101448,Elvis Presley
101475,Bob Dylan
101477,Bob Dylan
101482,Frank Sinatra
101484,The Beach Boys
101489,Bob Dylan
101498,Bob Dylan
101522,Bob Dylan
101537,Elvis Presley
101550,Johnny Cash
101565,The Beach Boys
101570,The Beach Boys
101574,Elvis Presley
101582,Bob Dylan
101609,Johnny Cash
101616,The Beach Boys
101636,The Beach Boys
101639,The Beach Boys
101640,The Rolling Stones
101647,Bob Dylan
101650,The Rolling Stones
101655,Frank Sinatra
101656,Bob Dylan
101662,The Rolling Stones
101688,The Beach Boys
101689,Johnny Cash
101698,Bob Dylan
101707,Bob Dylan
101753,The Rolling Stones
101779,Bob Dylan
101804,Bob Dylan
101821,Bob Dylan
101827,Bob Dylan
101838,The Beach Boys
101845,Bob Dylan
101848,The Rolling Stones
101859,The Beach Boys
101860,Bob Dylan
101864,The Rolling Stones
101866,The Beach Boys
101871,The Rolling Stones
101873,The Beach Boys
101876,The Beach Boys
101877,The Rolling Stones
101882,The Rolling Stones
101884,The Beach Boys
101885,Bob Dylan
101886,Bob Dylan
101893,The Beach Boys
101903,Bob Dylan
101909,The Beach Boys
101916,The Beach Boys
101917,Frank Sinatra
101920,The Beach Boys
101925,The Beach Boys
101932,Bob Dylan
101945,The Beatles
101946,The Beatles
101947,The Rolling Stones
101957,The Beatles
101960,The Beatles
101963,The Beatles
101965,The Rolling Stones
101980,Elvis Presley
101987,Bob Dylan
101989,The Beach Boys
101995,The Rolling Stones
102005,The Beatles
102010,The Beatles
102028,The Beatles
102032,The Beatles
102033,The Rolling Stones
102036,Bob Dylan
102040,The Beatles
102049,Johnny Cash
102055,The Rolling Stones
102104,Johnny Cash
102106,Elvis Presley
102118,The Rolling Stones
102121,Elvis Presley
102138,Led Zeppelin
102139,Led Zeppelin
102151,Led Zeppelin
102156,The Beatles
102168,The Beach Boys
102169,Bob Dylan
102173,The Rolling Stones
102178,Led Zeppelin
102182,Led Zeppelin
102183,The Beatles
102184,Led Zeppelin
102185,Led Zeppelin
102189,Led Zeppelin
102193,Led Zeppelin
102195,Led Zeppelin
102214,Led Zeppelin
102217,Led Zeppelin
102221,The Rolling Stones
102229,The Beatles
102230,The Rolling Stones
102231,Elvis Presley
102233,The Rolling Stones
102248,The Beatles
102269,Led Zeppelin
102276,Elvis Presley
102285,Bob Dylan
102294,The Beatles
102311,The Beatles
102331,The Beatles
102340,Elvis Presley
102344,Led Zeppelin
102346,The Rolling Stones
102354,Led Zeppelin
102355,Led Zeppelin
102356,Led Zeppelin
102364,Led Zeppelin
102368,Frank Sinatra
102384,The Beach Boys
102390,Led Zeppelin
102394,The Rolling Stones
102396,The Rolling Stones
102399,Johnny Cash
102400,The Rolling Stones
102432,Led Zeppelin
102434,The Beach Boys
102497,The Beach Boys
102528,The Rolling Stones
102530,The Rolling Stones
102533,The Rolling Stones
102554,Frank Sinatra
102564,The Beach Boys
102567,The Beatles
102591,Led Zeppelin
102592,Led Zeppelin
102602,Led Zeppelin
102613,Bob Dylan
102741,Bob Dylan
102768,Led Zeppelin
102774,Led Zeppelin
102776,Bob Dylan
102801,Led Zeppelin
102805,Bob Dylan
102810,Bob Dylan
102823,Led Zeppelin
102826,The Beach Boys
102832,The Rolling Stones
102838,Bob Dylan
102879,Led Zeppelin
103088,Bob Dylan
103177,Led Zeppelin
103188,Led Zeppelin
103424,The Rolling Stones
103512,Led Zeppelin
103622,Bob Dylan
104059,The Beatles
104073,The Beatles
104227,The Rolling Stones
104234,The Rolling Stones
104609,Frank Sinatra
104884,Eminem
104936,Frank Sinatra
105162,Eminem
105173,Eminem
105207,Eminem
105239,The Beatles
105258,Eminem
105275,Eminem
105279,The Beatles
105282,The Beatles
105290,The Beatles
105301,The Beatles
105302,The Beatles
105305,The Beatles
105307,The Beatles
105309,The Beatles
105326,The Beatles
105448,Eminem
105451,Elvis Presley
105479,Johnny Cash
105495,Johnny Cash
105503,Johnny Cash
105511,Eminem
105559,Johnny Cash
106137,Eminem
106183,Drake
106227,Eminem
106266,Eminem
106339,Drake
106380,Drake
106403,Drake
106423,Drake
106435,Drake
106539,Eminem
106561,Eminem
106575,Drake
106662,Eminem
107005,Drake
107096,Eminem
107119,Drake
110097,Frank Sinatra
110163,Johnny Cash
110281,Elvis Presley
110341,Frank Sinatra
110345,Elvis Presley
110346,Frank Sinatra
110350,Elvis Presley
110357,Johnny Cash
110360,Elvis Presley
110362,Frank Sinatra
110366,Frank Sinatra
110369,Frank Sinatra
110389,Elvis Presley
110404,Elvis Presley
110411,Elvis Presley
110419,Frank Sinatra
110433,Frank Sinatra
110441,Frank Sinatra
110449,Frank Sinatra
110450,Johnny Cash
110454,Frank Sinatra
110470,Elvis Presley
110485,Frank Sinatra
110499,Frank Sinatra
110524,Elvis Presley
110528,Johnny Cash
110531,Johnny Cash
110540,Elvis Presley
110555,Elvis Presley
110564,Elvis Presley
110565,Elvis Presley
110571,Elvis Presley
110576,Johnny Cash
110595,Frank Sinatra
110607,Frank Sinatra
110615,Johnny Cash
110617,Elvis Presley
110633,Johnny Cash
110640,Elvis Presley
110643,Frank Sinatra
110651,Elvis Presley
110664,Frank Sinatra
110674,Elvis Presley
110683,Frank Sinatra
110684,Elvis Presley
110685,Elvis Presley
110694,Frank Sinatra
110720,Elvis Presley
110723,Elvis Presley
110728,Elvis Presley
110734,Elvis Presley
110735,Frank Sinatra
110808,Frank Sinatra
110811,Frank Sinatra
110818,Frank Sinatra
110850,Bob Dylan
110858,Elvis Presley
110877,Frank Sinatra
110882,Frank Sinatra
110898,Frank Sinatra
110921,Frank Sinatra
110922,Johnny Cash
110925,The Beach Boys
110937,The Beach Boys
110940,Elvis Presley
110943,The Beach Boys
110968,Johnny Cash
110979,Bob Dylan
110983,The Beach Boys
111005,The Beach Boys
111011,The Beach Boys
111014,Johnny Cash
111024,Bob Dylan
111056,The Rolling Stones
111065,Frank Sinatra
111067,The Rolling Stones
111070,The Rolling Stones
111077,The Beach Boys
111080,Bob Dylan
111083,The Rolling Stones
111096,The Rolling Stones
111103,The Rolling Stones
111104,The Beach Boys
111107,Johnny Cash
111116,The Beach Boys
111117,Bob Dylan
111128,Johnny Cash
111131,Bob Dylan
111133,The Rolling Stones
111160,The Beach Boys
111172,Bob Dylan
111186,The Rolling Stones
111195,The Beach Boys
111206,The Beach Boys
111211,The Rolling Stones
111218,Frank Sinatra
111230,The Beach Boys
111231,The Rolling Stones
111232,The Rolling Stones
111238,The Beach Boys
111241,The Beach Boys
111243,Frank Sinatra
111244,Bob Dylan
111249,The Beach Boys
111253,The Beach Boys
111254,Frank Sinatra
111259,Bob Dylan
111261,The Beach Boys
111263,The Beach Boys
111266,The Rolling Stones
111267,The Beach Boys
111271,The Beach Boys
111279,The Beach Boys
111300,Frank Sinatra
111306,The Rolling Stones
111308,The Rolling Stones
111312,Frank Sinatra
111321,The Rolling Stones
111322,The Beach Boys
111324,The Rolling Stones
111330,The Beach Boys
111351,The Beatles
111360,The Beatles
111364,The Beatles
111370,The Beatles
111373,The Beatles
111378,The Beatles
111387,Elvis Presley
111390,The Beach Boys
111393,The Rolling Stones
111396,The Beatles
111400,The Beatles
111402,The Beatles
111419,Elvis Presley
111420,The Rolling Stones
111427,The Beatles
111429,The Rolling Stones
111433,The Beatles
111443,The Rolling Stones
111447,Johnny Cash
111449,The Rolling Stones
111450,Johnny Cash
111456,The Rolling Stones
111463,The Rolling Stones
111470,The Rolling Stones
111494,Johnny Cash
111500,The Rolling Stones
111503,Johnny Cash
111526,The Beach Boys
111535,Johnny Cash
111536,Johnny Cash
111537,The Beatles
111541,The Rolling Stones
111551,Bob Dylan
111553,Led Zeppelin
111556,Led Zeppelin
111562,The Rolling Stones
111568,The Rolling Stones
111579,Led Zeppelin
111593,Bob Dylan
111599,Led Zeppelin
111600,Led Zeppelin
111604,Led Zeppelin
111614,Led Zeppelin
111616,Bob Dylan
111617,Led Zeppelin
111625,Led Zeppelin
111630,Bob Dylan
111639,Led Zeppelin
111648,The Beatles
111653,Led Zeppelin
111660,Led Zeppelin
111670,Led Zeppelin
111671,Elvis Presley
111683,Led Zeppelin
111685,The Beach Boys
111691,Bob Dylan
111693,The Beach Boys
111709,Elvis Presley
111718,Led Zeppelin
111741,The Rolling Stones
111744,The Beach Boys
111757,Led Zeppelin
111761,The Rolling Stones
111762,The Rolling Stones
111763,The Rolling Stones
111777,The Rolling Stones
111785,The Rolling Stones
111794,Led Zeppelin
111795,The Rolling Stones
111807,The Rolling Stones
111813,The Rolling Stones
111816,The Rolling Stones
111817,The Rolling Stones
111820,The Rolling Stones
111839,The Rolling Stones
111875,The Rolling Stones
111878,The Rolling Stones
111882,Johnny Cash
111888,The Rolling Stones
111905,The Rolling Stones
111910,The Rolling Stones
111934,The Rolling Stones
111935,The Beach Boys
111950,Elvis Presley
111958,Led Zeppelin
111964,The Rolling Stones
111967,Led Zeppelin
111993,The Beatles
112000,Led Zeppelin
112071,The Beach Boys
112079,The Rolling Stones
112126,The Rolling Stones
112140,Bob Dylan
112182,Led Zeppelin
112218,Led Zeppelin
112240,Bob Dylan
112334,Led Zeppelin
112336,The Rolling Stones
112338,Elvis Presley
112437,The Rolling Stones
112499,The Rolling Stones
112535,The Rolling Stones
112561,Bob Dylan
112624,Led Zeppelin
112739,The Rolling Stones
113491,The Beatles
113499,The Beatles
113517,The Beatles
113563,Bob Dylan
113880,Frank Sinatra
114117,Johnny Cash
114239,Frank Sinatra
114339,Bob Dylan
114421,The Rolling Stones
114545,Eminem
114583,Eminem
114613,Eminem
114638,The Beatles
114645,The Beatles
114647,The Beatles
114692,The Beatles
114701,The Beatles
114728,Frank Sinatra
114735,The Beatles
114842,Elvis Presley
114846,Elvis Presley
114864,Johnny Cash
114888,Elvis Presley
114928,Eminem
114932,Eminem
114945,The Beach Boys
115134,Eminem
115150,Eminem
115241,The Beatles
115573,Drake
115578,Drake
115588,Drake
115671,Johnny Cash
115695,Eminem
115746,Johnny Cash
115749,Drake
115911,The Beach Boys
115940,Eminem
116014,Drake
116026,Eminem
116168,Drake
116251,Drake
116365,Drake
116441,Drake
116643,Drake
116721,Drake
119523,Frank Sinatra
119822,Frank Sinatra
119823,Frank Sinatra
119834,Frank Sinatra
119839,Frank Sinatra
119840,Elvis Presley
119848,Elvis Presley
119849,Frank Sinatra
119854,Elvis Presley
119857,Frank Sinatra
119862,Frank Sinatra
119879,Frank Sinatra
119881,Frank Sinatra
119890,Frank Sinatra
119907,Frank Sinatra
119913,Frank Sinatra
119914,Frank Sinatra
119916,Frank Sinatra
119941,Elvis Presley
119951,Elvis Presley
119981,Elvis Presley
119994,Johnny Cash
120027,Elvis Presley
120043,Frank Sinatra
120050,Elvis Presley
120062,Johnny Cash
120088,Frank Sinatra
120097,Frank Sinatra
120100,Elvis Presley
120102,Johnny Cash
120103,Elvis Presley
120105,Frank Sinatra
120109,Frank Sinatra
120115,Johnny Cash
120119,Frank Sinatra
120123,Frank Sinatra
120126,Frank Sinatra
120128,Elvis Presley
120130,Frank Sinatra
120132,Frank Sinatra
120137,Elvis Presley
120140,Elvis Presley
120145,Frank Sinatra
120149,Elvis Presley
120157,Frank Sinatra
120169,Johnny Cash
120188,Frank Sinatra
120196,Frank Sinatra
120203,Johnny Cash
120215,Frank Sinatra
120231,Elvis Presley
120247,Frank Sinatra
120248,Frank Sinatra
120249,Frank Sinatra
120250,Frank Sinatra
120252,Frank Sinatra
120296,Frank Sinatra
120319,Frank Sinatra
120324,The Beach Boys
120330,The Beach Boys
120334,The Beach Boys
120363,Elvis Presley
120374,Frank Sinatra
120391,The Beach Boys
120393,The Beach Boys
120404,Elvis Presley
120408,Frank Sinatra
120411,Frank Sinatra
120441,Bob Dylan
120447,Elvis Presley
120451,The Beach Boys
120455,The Beach Boys
120469,The Beach Boys
120491,Johnny Cash
120494,The Beach Boys
120513,Elvis Presley
120515,Johnny Cash
120543,The Rolling Stones
120544,The Rolling Stones
120550,The Beach Boys
120561,Bob Dylan
120563,Bob Dylan
120567,Johnny Cash
120568,Johnny Cash
120572,Bob Dylan
120581,The Rolling Stones
120582,The Rolling Stones
120594,The Rolling Stones
120598,The Beach Boys
120604,The Rolling Stones
120670,Johnny Cash
120683,The Beach Boys
120689,The Rolling Stones
120694,The Beach Boys
120696,The Beach Boys
120701,The Rolling Stones
120707,The Rolling Stones
120718,The Beach Boys
120720,The Beach Boys
120721,The Beach Boys
120729,The Rolling Stones
120734,The Beach Boys
120746,The Beach Boys
120755,The Rolling Stones
120756,The Beach Boys
120758,The Beach Boys
120768,The Beach Boys
120770,The Beach Boys
120771,The Rolling Stones
120780,The Beach Boys
120783,The Rolling Stones
120787,The Beach Boys
120795,The Rolling Stones
120801,The Beach Boys
120803,The Beach Boys
120811,The Rolling Stones
120815,The Beach Boys
120818,The Beach Boys
120821,The Beatles
120823,The Beatles
120825,Elvis Presley
120827,The Beatles
120843,The Beatles
120849,Bob Dylan
120857,The Rolling Stones
120858,The Beatles
120860,The Beatles
120870,The Beatles
120880,The Rolling Stones
120883,The Beatles
120886,Elvis Presley
120894,Bob Dylan
120908,Bob Dylan
120915,The Beatles
120928,Johnny Cash
120975,Johnny Cash
121017,Bob Dylan
121029,Bob Dylan
121035,Johnny Cash
121036,Led Zeppelin
121040,Bob Dylan
121041,Led Zeppelin
121046,Led Zeppelin
121054,The Rolling Stones
121061,The Rolling Stones
121069,Led Zeppelin
121089,Elvis Presley
121092,The Rolling Stones
121131,Johnny Cash
121139,Led Zeppelin
121141,Elvis Presley
121197,Elvis Presley
121214,Led Zeppelin
121222,Led Zeppelin
121230,Led Zeppelin
121265,Led Zeppelin
121271,Led Zeppelin
121282,Led Zeppelin
121290,Led Zeppelin
121355,The Rolling Stones
121359,Elvis Presley
121372,The Rolling Stones
121387,The Rolling Stones
121391,The Rolling Stones
121406,The Rolling Stones
121469,The Beatles
121484,Led Zeppelin
121496,The Beatles
121505,Led Zeppelin
121513,The Beatles
121646,Led Zeppelin
121654,Led Zeppelin
121681,Led Zeppelin
121686,Led Zeppelin
121692,Led Zeppelin
121696,The Rolling Stones
121699,Elvis Presley
121728,Led Zeppelin
121750,Led Zeppelin
121794,The Rolling Stones
121802,Led Zeppelin
121943,The Rolling Stones
121952,The Rolling Stones
122040,Led Zeppelin
122065,Johnny Cash
122089,Bob Dylan
122273,Johnny Cash
122279,Bob Dylan
122456,The Rolling Stones
122787,The Rolling Stones
122979,The Beatles
122997,The Beatles
123008,The Beatles
123012,The Beatles
123109,Bob Dylan
123369,Frank Sinatra
124025,Eminem
124068,Eminem
124072,Eminem
124165,Johnny Cash
124180,Johnny Cash
124336,Elvis Presley
124353,Elvis Presley
124357,Johnny Cash
124370,Johnny Cash
124495,Johnny Cash
124513,Johnny Cash
124550,Eminem
124675,Eminem
125174,Eminem
125209,Eminem
125289,Drake
125429,Drake
125466,Drake
125700,Drake
125713,Drake
125730,Drake
125810,Drake
125962,Eminem
125980,Eminem
125982,Drake
127419,Frank Sinatra
128230,Johnny Cash
129096,Johnny Cash
129139,Johnny Cash
129144,Elvis Presley
129159,Johnny Cash
129174,Frank Sinatra
129179,Frank Sinatra
129191,Frank Sinatra
129205,Elvis Presley
129209,Frank Sinatra
129222,Frank Sinatra
129225,Frank Sinatra
129228,Frank Sinatra
129260,Johnny Cash
129282,Johnny Cash
129286,Johnny Cash
129295,Elvis Presley
129296,Johnny Cash
129306,Johnny Cash
129314,Johnny Cash
129317,Frank Sinatra
129324,Johnny Cash
129331,Frank Sinatra
129340,Frank Sinatra
129346,Johnny Cash
129352,Frank Sinatra
129355,Frank Sinatra
129367,Elvis Presley
129375,Frank Sinatra
129379,Elvis Presley
129391,Frank Sinatra
129399,Johnny Cash
129403,Frank Sinatra
129412,Elvis Presley
129415,Frank Sinatra
129419,Johnny Cash
129435,Johnny Cash
129437,Elvis Presley
129449,Frank Sinatra
129450,Elvis Presley
129453,Frank Sinatra
129459,Frank Sinatra
129483,Frank Sinatra
129495,Elvis Presley
129498,Frank Sinatra
129512,Frank Sinatra
129540,Elvis Presley
129554,Frank Sinatra
129559,Elvis Presley
129563,Frank Sinatra
129572,Elvis Presley
129597,Frank Sinatra
129611,Frank Sinatra
129612,Elvis Presley
129630,Frank Sinatra
129638,The Beach Boys
129655,Elvis Presley
129678,Frank Sinatra
129681,The Beach Boys
129683,Frank Sinatra
129689,Frank Sinatra
129722,Frank Sinatra
129727,The Beach Boys
129733,Frank Sinatra
129764,The Beach Boys
129769,The Beach Boys
129773,The Beach Boys
129781,The Beach Boys
129787,Johnny Cash
129790,Johnny Cash
129797,Bob Dylan
129810,The Beach Boys
129815,The Beach Boys
129818,The Beach Boys
129821,Johnny Cash
129822,The Beach Boys
129825,The Beach Boys
129826,Frank Sinatra
129836,The Beach Boys
129839,The Beach Boys
129841,The Rolling Stones
129843,Frank Sinatra
129854,The Beach Boys
129872,The Rolling Stones
129873,The Rolling Stones
129878,Johnny Cash
129882,The Rolling Stones
129886,The Beach Boys
129887,The Beach Boys
129888,The Beach Boys
129891,Johnny Cash
129905,The Rolling Stones
129907,The Beach Boys
129916,The Beach Boys
129919,The Rolling Stones
129973,The Rolling Stones
129977,The Rolling Stones
129992,The Beach Boys
129997,The Beach Boys
130002,The Rolling Stones
130008,The Beach Boys
130016,Johnny Cash
130021,The Beach Boys
130022,The Beach Boys
130024,The Beach Boys
130029,The Rolling Stones
130033,The Beach Boys
130040,Frank Sinatra
130043,The Beach Boys
130045,Frank Sinatra
130051,The Rolling Stones
130052,The Beach Boys
130056,The Beach Boys
130061,The Beach Boys
130063,The Beach Boys
130065,Frank Sinatra
130071,The Beach Boys
130085,Frank Sinatra
130086,The Beach Boys
130087,Bob Dylan
130091,The Beach Boys
130093,Frank Sinatra
130094,The Beach Boys
130097,Bob Dylan
130098,Bob Dylan
130106,Frank Sinatra
130107,The Beach Boys
130116,Frank Sinatra
130118,The Beach Boys
130121,The Beach Boys
130122,The Beach Boys
130124,The Beach Boys
130128,The Beach Boys
130131,Frank Sinatra
130134,Frank Sinatra
130137,Elvis Presley
130140,Bob Dylan
130157,Bob Dylan
130162,Frank Sinatra
130166,The Beatles
130171,The Beatles
130173,The Beach Boys
130178,The Beatles
130180,The Beatles
130186,Elvis Presley
130187,The Beach Boys
130201,The Beatles
130237,The Beatles
130345,The Rolling Stones
130353,Frank Sinatra
130355,The Rolling Stones
130388,The Rolling Stones
130409,Led Zeppelin
130411,The Rolling Stones
130444,Led Zeppelin
130451,Led Zeppelin
130480,Bob Dylan
130506,Led Zeppelin
130520,Led Zeppelin
130541,The Rolling Stones
130548,The Rolling Stones
130556,Led Zeppelin
130565,The Rolling Stones
130575,The Rolling Stones
130600,The Beach Boys
130611,The Rolling Stones
130615,The Rolling Stones
130624,Led Zeppelin
130644,The Rolling Stones
130668,The Rolling Stones
130746,The Beatles
130772,Led Zeppelin
130787,The Beatles
130789,The Beatles
130799,The Beatles
130807,The Beatles
130809,The Beatles
130811,The Beatles
130828,The Beatles
130834,The Beatles
130884,The Beach Boys
130921,The Beach Boys
130931,The Rolling Stones
130956,Johnny Cash
130983,Bob Dylan
131022,Led Zeppelin
131059,Led Zeppelin
131070,Led Zeppelin
131077,Led Zeppelin
131078,Led Zeppelin
131092,Bob Dylan
131108,Bob Dylan
131111,Bob Dylan
131117,Led Zeppelin
131259,The Rolling Stones
131260,The Rolling Stones
131285,The Rolling Stones
131293,Johnny Cash
131362,Led Zeppelin
131370,Led Zeppelin
131379,Led Zeppelin
131414,Led Zeppelin
131426,Led Zeppelin
131613,The Rolling Stones
132023,Bob Dylan
132116,The Rolling Stones
132398,The Rolling Stones
133034,The Beatles
133221,Bob Dylan
133348,Eminem
133365,Eminem
133373,Eminem
133385,Eminem
133428,Eminem
133725,Elvis Presley
133851,Eminem
133852,Eminem
133920,Eminem
133976,Eminem
133997,Eminem
134002,Eminem
134011,Eminem
134031,Eminem
134335,Frank Sinatra
134473,Drake
134475,Eminem
134782,Drake
134808,Drake
134831,Eminem
134970,Frank Sinatra
134986,Drake
135095,Drake
135177,Drake
137914,Johnny Cash
137929,Frank Sinatra
137936,Frank Sinatra
137939,Johnny Cash
137945,Frank Sinatra
137967,Frank Sinatra
137969,Frank Sinatra
137972,Johnny Cash
137973,Frank Sinatra
137979,Frank Sinatra
138011,Frank Sinatra
138044,Johnny Cash
138077,Frank Sinatra
138080,Johnny Cash
138083,Frank Sinatra
138091,Johnny Cash
138108,Johnny Cash
138119,Frank Sinatra
138125,Frank Sinatra
138127,Frank Sinatra
138141,Elvis Presley
138147,Johnny Cash
138149,Elvis Presley
138151,Johnny Cash
138153,Frank Sinatra
138155,Frank Sinatra
138159,Johnny Cash
138183,Elvis Presley
138191,Johnny Cash
138195,Johnny Cash
138207,Frank Sinatra
138215,Frank Sinatra
138221,Frank Sinatra
138259,Johnny Cash
138280,Elvis Presley
138294,Johnny Cash
138306,Johnny Cash
138313,Johnny Cash
138331,Frank Sinatra
138348,Frank Sinatra
138352,Frank Sinatra
138360,Elvis Presley
138367,Frank Sinatra
138374,Frank Sinatra
138381,Frank Sinatra
138393,Frank Sinatra
138395,Elvis Presley
138409,Elvis Presley
138410,Frank Sinatra
138411,Frank Sinatra
138417,Frank Sinatra
138418,Frank Sinatra
138425,Frank Sinatra
138431,Frank Sinatra
138458,Frank Sinatra
138460,Frank Sinatra
138469,Elvis Presley
138496,Frank Sinatra
138503,Frank Sinatra
138520,Frank Sinatra
138532,Elvis Presley
138552,The Beach Boys
138554,The Beach Boys
138566,The Beach Boys
138568,Johnny Cash
138569,Frank Sinatra
138572,Johnny Cash
138573,The Beach Boys
138593,The Beach Boys
138594,The Beach Boys
138596,The Beach Boys
138605,The Beach Boys
138612,Elvis Presley
138618,The Beach Boys
138623,The Beach Boys
138632,The Rolling Stones
138647,The Beach Boys
138650,The Beach Boys
138666,The Beach Boys
138674,Frank Sinatra
138678,The Beach Boys
138683,Frank Sinatra
138695,The Beach Boys
138704,The Beach Boys
138706,The Beach Boys
138709,Johnny Cash
138718,The Beach Boys
138721,The Rolling Stones
138722,The Beach Boys
138732,Bob Dylan
138736,The Rolling Stones
138749,The Beach Boys
138761,The Beach Boys
138763,Elvis Presley
138771,Elvis Presley
138772,The Rolling Stones
138786,The Beach Boys
138817,The Rolling Stones
138821,The Rolling Stones
138823,Johnny Cash
138832,Frank Sinatra
138841,The Beach Boys
138843,Frank Sinatra
138846,The Beach Boys
138848,The Beach Boys
138856,The Beach Boys
138863,Frank Sinatra
138866,Frank Sinatra
138871,Frank Sinatra
138875,Bob Dylan
138877,Frank Sinatra
138889,Frank Sinatra
138897,The Beach Boys
138899,The Beach Boys
138908,Johnny Cash
138909,Bob Dylan
138910,Frank Sinatra
138920,Bob Dylan
138922,Frank Sinatra
138925,The Rolling Stones
138938,The Rolling Stones
138948,Elvis Presley
138964,The Rolling Stones
138975,Bob Dylan
138978,The Beach Boys
138979,The Rolling Stones
138987,Bob Dylan
138991,The Beatles
138993,The Rolling Stones
138996,The Beatles
139004,The Rolling Stones
139013,The Beatles
139026,The Beach Boys
139034,Frank Sinatra
139037,Elvis Presley
139072,The Beach Boys
139163,Led Zeppelin
139164,Johnny Cash
139186,Elvis Presley
139228,Bob Dylan
139276,Led Zeppelin
139282,Bob Dylan
139288,Led Zeppelin
139292,Bob Dylan
139295,Led Zeppelin
139297,Elvis Presley
139298,Bob Dylan
139319,Led Zeppelin
139330,Frank Sinatra
139385,Led Zeppelin
139403,The Rolling Stones
139446,Elvis Presley
139506,The Rolling Stones
139529,The Beatles
139534,The Beatles
139540,The Beatles
139550,Led Zeppelin
139559,The Beatles
139566,The Beatles
139573,The Beatles
139577,The Beatles
139582,The Beatles
139592,The Rolling Stones
139593,Bob Dylan
139599,The Beatles
139606,The Beatles
139609,The Beatles
139610,The Beatles
139611,The Beatles
139616,The Beatles
139626,The Rolling Stones
139648,The Beach Boys
139679,Bob Dylan
139681,The Rolling Stones
139722,The Beach Boys
139735,Led Zeppelin
139736,Bob Dylan
139757,Led Zeppelin
139764,Bob Dylan
139849,Led Zeppelin
139852,Led Zeppelin
139853,Led Zeppelin
139856,Led Zeppelin
139864,The Rolling Stones
139866,Bob Dylan
139883,Led Zeppelin
139884,Bob Dylan
139904,Led Zeppelin
139915,Led Zeppelin
140161,Led Zeppelin
140202,Led Zeppelin
141069,The Beatles
141084,The Beatles
141088,The Beatles
141109,The Beatles
141154,The Rolling Stones
141285,Johnny Cash
141778,Elvis Presley
141810,The Beatles
141816,Bob Dylan
142132,Eminem
142182,Eminem
142199,Eminem
142448,Johnny Cash
142495,Eminem
142512,Elvis Presley
142682,Eminem
142788,Eminem
142809,Eminem
142979,Led Zeppelin
143004,Frank Sinatra
143025,Led Zeppelin
143284,Eminem
143307,Eminem
143326,Eminem
143788,Drake
143795,Drake
143852,Drake
144087,Eminem
144199,Drake
146059,Johnny Cash
146602,Frank Sinatra
146618,Johnny Cash
146639,Johnny Cash
146656,Johnny Cash
146672,Frank Sinatra
146705,Frank Sinatra
146728,Elvis Presley
146751,Johnny Cash
146784,Johnny Cash
146801,Johnny Cash
146818,Johnny Cash
146821,Johnny Cash
146825,Frank Sinatra
146837,Johnny Cash
146842,Johnny Cash
146844,Johnny Cash
146852,Johnny Cash
146860,Frank Sinatra
146862,Johnny Cash
146865,Frank Sinatra
146872,Johnny Cash
146876,Johnny Cash
146882,Johnny Cash
146890,Frank Sinatra
146891,Frank Sinatra
146905,Johnny Cash
146916,Johnny Cash
146925,Johnny Cash
146966,Frank Sinatra
146982,Frank Sinatra
147043,Frank Sinatra
147047,Frank Sinatra
147052,Frank Sinatra
147082,Frank Sinatra
147088,Frank Sinatra
147095,Elvis Presley
147129,Johnny Cash
147130,Elvis Presley
147141,Frank Sinatra
147175,Frank Sinatra
147177,Frank Sinatra
147179,Elvis Presley
147181,Frank Sinatra
147192,Elvis Presley
147199,Johnny Cash
147203,Bob Dylan
147208,Frank Sinatra
147221,Bob Dylan
147222,Elvis Presley
147224,The Beach Boys
147225,Frank Sinatra
147228,The Beach Boys
147229,Bob Dylan
147251,Johnny Cash
147264,The Beach Boys
147276,The Beach Boys
147277,The Beach Boys
147280,Bob Dylan
147283,Elvis Presley
147285,The Beach Boys
147286,Bob Dylan
147296,Johnny Cash
147303,The Beach Boys
147330,Johnny Cash
147340,The Beach Boys
147347,Frank Sinatra
147367,The Beach Boys
147379,The Rolling Stones
147385,Johnny Cash
147388,The Beach Boys
147399,The Beach Boys
147413,Frank Sinatra
147424,The Rolling Stones
147427,The Rolling Stones
147428,The Rolling Stones
147437,The Rolling Stones
147440,Bob Dylan
147443,Elvis Presley
147445,Elvis Presley
147453,The Rolling Stones
147456,The Rolling Stones
147458,Elvis Presley
147459,The Rolling Stones
147463,Frank Sinatra
147464,The Beach Boys
147465,Bob Dylan
147468,The Beach Boys
147492,Frank Sinatra
147494,The Beach Boys
147496,The Beach Boys
147497,Frank Sinatra
147498,Frank Sinatra
147500,Bob Dylan
147503,The Beach Boys
147505,The Beach Boys
147515,Bob Dylan
147520,Johnny Cash
147521,Frank Sinatra
147527,The Beach Boys
147529,Frank Sinatra
147530,Frank Sinatra
147532,The Beach Boys
147558,Frank Sinatra
147560,The Beach Boys
147565,Bob Dylan
147569,The Beach Boys
147574,The Beach Boys
147580,The Beach Boys
147587,Bob Dylan
147589,Bob Dylan
147595,Bob Dylan
147598,The Beach Boys
147600,The Beatles
147606,Elvis Presley
147610,The Beatles
147621,The Beach Boys
147624,Elvis Presley
147625,The Rolling Stones
147628,The Beach Boys
147637,The Beach Boys
147642,Bob Dylan
147645,Elvis Presley
147647,Bob Dylan
147652,Bob Dylan
147660,The Rolling Stones
147661,The Beach Boys
147663,The Beatles
147665,The Beatles
147667,Elvis Presley
147668,Elvis Presley
147671,The Rolling Stones
147674,The Beatles
147675,Bob Dylan
147677,The Rolling Stones
147683,The Rolling Stones
147688,The Beatles
147689,The Beatles
147690,Elvis Presley
147712,Johnny Cash
147718,Johnny Cash
147722,The Beach Boys
147805,The Beatles
147808,Led Zeppelin
147827,Elvis Presley
147832,Elvis Presley
147834,Led Zeppelin
147845,Frank Sinatra
147874,Elvis Presley
147879,Frank Sinatra
147884,Elvis Presley
147908,Elvis Presley
147957,The Rolling Stones
147963,Elvis Presley
147983,Bob Dylan
148067,The Beach Boys
148072,The Rolling Stones
148138,The Rolling Stones
148143,Elvis Presley
148169,The Rolling Stones
148202,The Beatles
148203,The Beatles
148208,The Rolling Stones
148220,Led Zeppelin
148228,The Beatles
148245,Elvis Presley
148246,The Beatles
148254,The Beatles
148259,The Beatles
148265,The Beatles
148269,The Beatles
148270,The Beatles
148271,The Beatles
148273,The Beatles
148274,The Beatles
148288,The Beatles
148316,The Rolling Stones
148322,The Beach Boys
148325,The Beach Boys
148355,The Beach Boys
148367,Bob Dylan
148382,The Beach Boys
148386,The Beach Boys
148446,Led Zeppelin
148507,Led Zeppelin
148532,Bob Dylan
148547,Led Zeppelin
148563,Led Zeppelin
148583,Led Zeppelin
148591,Elvis Presley
148727,The Rolling Stones
148855,Bob Dylan
148940,The Rolling Stones
149158,Led Zeppelin
149186,Led Zeppelin
149188,Led Zeppelin
149210,Bob Dylan
149697,The Beatles
149870,The Rolling Stones
150431,The Beatles
150517,The Beatles
150852,Eminem
150883,Eminem
150903,Johnny Cash
150939,Johnny Cash
150978,Eminem
151149,Johnny Cash
151157,Elvis Presley
151193,Eminem
151318,Eminem
151343,Eminem
151608,Led Zeppelin
151676,Elvis Presley
151813,Drake
151840,Eminem
151870,Eminem
151919,Drake
151940,Eminem
152022,Drake
152166,The Beach Boys
152280,Drake
152293,Drake
152432,Drake
152436,Drake
152442,Drake
152596,Drake
152650,Drake
152661,Eminem
152682,Eminem
152818,Eminem
155113,Frank Sinatra
155127,Frank Sinatra
155132,Johnny Cash
155137,Frank Sinatra
155141,Frank Sinatra
155149,Frank Sinatra
155158,Frank Sinatra
155189,Johnny Cash
155194,Johnny Cash
155198,Johnny Cash
155247,Johnny Cash
155278,Johnny Cash
155288,Frank Sinatra
155297,Elvis Presley
155341,Johnny Cash
155363,Johnny Cash
155375,Johnny Cash
155396,Johnny Cash
155401,Johnny Cash
155404,Johnny Cash
155412,Johnny Cash
155439,Johnny Cash
155461,Johnny Cash
155496,Frank Sinatra
155498,Elvis Presley
155506,Frank Sinatra
155520,Frank Sinatra
155550,Frank Sinatra
155579,Frank Sinatra
155589,Frank Sinatra
155616,Elvis Presley
155622,Johnny Cash
155626,Elvis Presley
155637,Elvis Presley
155655,Johnny Cash
155674,Frank Sinatra
155682,Frank Sinatra
155686,Johnny Cash
155692,Frank Sinatra
155708,The Beach Boys
155709,The Beach Boys
155711,The Beach Boys
155713,Elvis Presley
155722,The Beach Boys
155723,The Beach Boys
155728,Frank Sinatra
155737,The Beach Boys
155743,Bob Dylan
155746,The Beach Boys
155758,The Beach Boys
155772,Bob Dylan
155773,The Beach Boys
155778,The Beach Boys
155782,Elvis Presley
155786,Bob Dylan
155788,Bob Dylan
155790,Frank Sinatra
155792,The Beach Boys
155797,Frank Sinatra
155809,The Beach Boys
155814,Johnny Cash
155821,The Beach Boys
155822,Johnny Cash
155823,Elvis Presley
155833,Elvis Presley
155854,Elvis Presley
155879,Frank Sinatra
155883,Johnny Cash
155884,The Beach Boys
155906,Frank Sinatra
155910,The Beach Boys
155916,The Rolling Stones
155934,The Beach Boys
155935,Johnny Cash
155941,The Rolling Stones
155950,The Beach Boys
155952,The Beach Boys
155957,The Beach Boys
155966,The Rolling Stones
155981,The Beach Boys
155985,The Rolling Stones
155994,The Beach Boys
156006,Elvis Presley
156008,Frank Sinatra
156014,The Rolling Stones
156016,Frank Sinatra
156017,Frank Sinatra
156018,Bob Dylan
156019,The Rolling Stones
156022,Bob Dylan
156029,Bob Dylan
156030,The Rolling Stones
156036,Bob Dylan
156042,The Rolling Stones
156050,The Rolling Stones
156053,Frank Sinatra
156059,Bob Dylan
156063,The Beach Boys
156064,Bob Dylan
156070,Frank Sinatra
156088,The Rolling Stones
156090,Frank Sinatra
156103,Bob Dylan
156105,The Beach Boys
156106,Bob Dylan
156118,Bob Dylan
156119,Elvis Presley
156120,Bob Dylan
156121,The Beatles
156133,Bob Dylan
156135,Bob Dylan
156149,The Beatles
156157,The Beach Boys
156159,The Beatles
156178,Bob Dylan
156182,The Beatles
156183,The Rolling Stones
156187,The Beatles
156210,The Beach Boys
156249,Elvis Presley
156260,Elvis Presley
156296,Led Zeppelin
156320,Frank Sinatra
156321,Led Zeppelin
156327,Led Zeppelin
156333,Led Zeppelin
156337,Johnny Cash
156343,Frank Sinatra
156357,Elvis Presley
156371,Led Zeppelin
156374,The Beach Boys
156381,Frank Sinatra
156392,Led Zeppelin
156409,Led Zeppelin
156430,Led Zeppelin
156440,Bob Dylan
156455,Bob Dylan
156473,The Rolling Stones
156479,Johnny Cash
156492,The Beach Boys
156494,Led Zeppelin
156562,The Beach Boys
156608,The Rolling Stones
156642,The Rolling Stones
156654,The Rolling Stones
156681,The Rolling Stones
156698,Led Zeppelin
156706,The Beatles
156709,The Beatles
156736,The Beatles
156744,The Beatles
156756,The Beatles
156758,The Rolling Stones
156769,The Rolling Stones
156790,The Beatles
156799,The Beach Boys
156825,The Rolling Stones
156827,The Beach Boys
156831,Johnny Cash
156835,The Beach Boys
156852,The Beach Boys
156853,Bob Dylan
156888,The Beach Boys
156907,Elvis Presley
156912,Led Zeppelin
156976,Led Zeppelin
157006,Led Zeppelin
157020,The Rolling Stones
157029,The Rolling Stones
157059,The Rolling Stones
157061,Led Zeppelin
157092,Led Zeppelin
157485,The Rolling Stones
157611,Led Zeppelin
157628,Led Zeppelin
157658,Led Zeppelin
157680,Led Zeppelin
157760,Johnny Cash
158214,The Beatles
158235,The Beatles
158249,The Beatles
158258,The Beatles
158275,The Beatles
158972,Frank Sinatra
159143,The Rolling Stones
159338,Eminem
159365,Eminem
159600,Eminem
159605,Johnny Cash
159623,Eminem
159671,Elvis Presley
159707,Johnny Cash
159915,Eminem
159916,Eminem
159921,Johnny Cash
159965,Eminem
160082,Eminem
160108,Elvis Presley
160119,Elvis Presley
160132,Elvis Presley
160134,Led Zeppelin
160160,Led Zeppelin
160165,Led Zeppelin
160193,Led Zeppelin
160297,Drake
160325,Eminem
160362,Drake
160371,Eminem
160380,Eminem
160387,Eminem
160428,Eminem
160452,Drake
160478,Drake
160687,The Beach Boys
160711,Drake
160746,Drake
160828,Johnny Cash
160965,Frank Sinatra
161038,Drake
161255,Drake
163530,Frank Sinatra
163609,Johnny Cash
163613,Johnny Cash
163615,Johnny Cash
163616,Frank Sinatra
163621,Johnny Cash
163639,Frank Sinatra
163640,Johnny Cash
163656,Johnny Cash
163660,Frank Sinatra
163699,Johnny Cash
163720,Elvis Presley
163749,Johnny Cash
163898,Johnny Cash
163904,Johnny Cash
163908,Johnny Cash
163915,Frank Sinatra
163921,Frank Sinatra
163957,Frank Sinatra
164024,Frank Sinatra
164028,Johnny Cash
164032,Frank Sinatra
164036,Elvis Presley
164040,Frank Sinatra
164060,Elvis Presley
164075,Frank Sinatra
164086,Frank Sinatra
164092,Johnny Cash
164096,Frank Sinatra
164108,Johnny Cash
164111,Elvis Presley
164112,Johnny Cash
164117,Bob Dylan
164121,Elvis Presley
164122,The Beach Boys
164123,The Beach Boys
164125,Bob Dylan
164132,The Beach Boys
164137,Frank Sinatra
164139,The Beach Boys
164148,Bob Dylan
164149,The Beach Boys
164150,Bob Dylan
164152,The Beach Boys
164155,The Beach Boys
164157,The Beach Boys
164158,Bob Dylan
164159,The Beach Boys
164161,Frank Sinatra
164164,The Beach Boys
164178,The Beach Boys
164180,Bob Dylan
164222,Johnny Cash
164232,Frank Sinatra
164236,Frank Sinatra
164248,The Beach Boys
164249,The Rolling Stones
164265,Frank Sinatra
164267,Frank Sinatra
164268,Elvis Presley
164276,Frank Sinatra
164281,The Beach Boys
164285,Johnny Cash
164286,Johnny Cash
164290,Frank Sinatra
164298,The Rolling Stones
164313,Johnny Cash
164320,The Beach Boys
164321,The Rolling Stones
164334,Johnny Cash
164347,The Rolling Stones
164348,The Rolling Stones
164350,The Beach Boys
164354,Bob Dylan
164367,Bob Dylan
164373,The Beach Boys
164380,Elvis Presley
164383,Johnny Cash
164386,Bob Dylan
164391,The Rolling Stones
164393,The Rolling Stones
164397,Bob Dylan
164398,The Rolling Stones
164403,The Rolling Stones
164404,Frank Sinatra
164407,Johnny Cash
164411,Bob Dylan
164415,Bob Dylan
164419,Bob Dylan
164425,Frank Sinatra
164426,Frank Sinatra
164429,Frank Sinatra
164430,Bob Dylan
164434,The Rolling Stones
164437,Bob Dylan
164439,Bob Dylan
164453,The Beach Boys
164455,Bob Dylan
164457,The Rolling Stones
164462,The Beach Boys
164476,The Rolling Stones
164489,Elvis Presley
164490,Johnny Cash
164491,The Beach Boys
164498,The Rolling Stones
164501,Bob Dylan
164514,The Beatles
164524,The Rolling Stones
164527,Bob Dylan
164530,Elvis Presley
164531,The Beach Boys
164536,The Rolling Stones
164537,Bob Dylan
164538,The Beatles
164539,The Rolling Stones
164544,Frank Sinatra
164547,The Beatles
164553,The Rolling Stones
164558,The Rolling Stones
164561,The Beatles
164564,The Beatles
164568,The Beach Boys
164588,The Beatles
164594,Elvis Presley
164597,The Beach Boys
164606,The Beach Boys
164608,Frank Sinatra
164620,Johnny Cash
164648,The Beach Boys
164661,The Beach Boys
164662,The Beach Boys
164701,Johnny Cash
164702,Frank Sinatra
164713,Led Zeppelin
164717,Elvis Presley
164747,Led Zeppelin
164766,Elvis Presley
164775,Johnny Cash
164800,Led Zeppelin
164819,Elvis Presley
164824,The Rolling Stones
164829,Bob Dylan
164834,Johnny Cash
164848,Bob Dylan
164851,Bob Dylan
164852,The Beach Boys
164855,The Rolling Stones
164857,The Rolling Stones
164864,The Beach Boys
164868,Bob Dylan
164870,Led Zeppelin
164875,The Beach Boys
164891,Led Zeppelin
164900,Elvis Presley
164916,The Rolling Stones
164976,Elvis Presley
164988,The Beach Boys
164999,The Rolling Stones
165012,The Rolling Stones
165014,The Rolling Stones
165051,Elvis Presley
165060,The Rolling Stones
165079,Elvis Presley
165101,Elvis Presley
165165,The Rolling Stones
165216,Bob Dylan
165221,The Rolling Stones
165242,The Beach Boys
165245,Bob Dylan
165246,The Beach Boys
165267,The Beach Boys
165330,Bob Dylan
165339,Led Zeppelin
165368,Bob Dylan
165370,Johnny Cash
165376,Led Zeppelin
165384,Bob Dylan
165390,Led Zeppelin
165397,Bob Dylan
165435,Led Zeppelin
165439,Led Zeppelin
165453,Bob Dylan
165492,Led Zeppelin
165502,The Rolling Stones
165562,Johnny Cash
165659,The Rolling Stones
165704,Bob Dylan
165707,The Rolling Stones
165757,Led Zeppelin
165767,Led Zeppelin
165872,The Rolling Stones
166015,Led Zeppelin
166047,Led Zeppelin
166064,Led Zeppelin
166165,Johnny Cash
166203,Bob Dylan
166656,The Beatles
166665,The Beatles
166683,The Beatles
166696,The Beatles
166946,Bob Dylan
167217,Johnny Cash
167739,Eminem
167770,Eminem
167851,Johnny Cash
168025,Elvis Presley
168088,Johnny Cash
168100,Johnny Cash
168243,Eminem
168288,Eminem
168306,Eminem
168414,Johnny Cash
168520,Led Zeppelin
168568,Led Zeppelin
168752,Eminem
168766,Eminem
168793,Eminem
168805,Eminem
169008,Johnny Cash
169148,Drake
169160,Drake
169326,Drake
169338,Drake
169350,Frank Sinatra
169451,Drake
169531,Drake
169716,Drake
169891,Eminem
